country,channel,businessunit,region,score,level_1,level_2,level_3,level_4,level_5
MEXICO,CSTORE,BISCUITS,CENTRAL,0.91,'consumptionclustercode' : 'Indulgence',"'segment_ps' : 'CKY-CHOC CHIP,CKY-SANDWICH'",'packsize_ps' : '140+',"'segment_brand_ps' : 'OREO,EMPERADOR'",'price_tier_ps' : 'Tier5'
MEXICO,CSTORE,BISCUITS,CENTRAL,0.91,'consumptionclustercode' : 'Indulgence',"'segment_ps' : 'CKY-CHOC CHIP,CKY-SANDWICH'",'packsize_ps' : '140+',"'segment_brand_ps' : 'OREO,EMPERADOR'","'price_tier_ps' : 'Tier1,Tier3'"
MEXICO,CSTORE,BISCUITS,CENTRAL,0.91,'consumptionclustercode' : 'Indulgence',"'segment_ps' : 'CKY-CHOC CHIP,CKY-SANDWICH'",'packsize_ps' : '140+',"'segment_brand_ps' : 'MARINELA PRINCIPE REGULAR,REST'",'price_tier_ps' : 'Tier4'
MEXICO,CSTORE,BISCUITS,CENTRAL,0.91,'consumptionclustercode' : 'Indulgence',"'segment_ps' : 'CKY-CHOC CHIP,CKY-SANDWICH'",'packsize_ps' : '140+',"'segment_brand_ps' : 'MARINELA PRINCIPE REGULAR,REST'","'price_tier_ps' : 'Tier1,Tier5'"
MEXICO,CSTORE,BISCUITS,CENTRAL,0.91,'consumptionclustercode' : 'Indulgence',"'segment_ps' : 'CKY-CHOC CHIP,CKY-SANDWICH'",'packsize_ps' : '0-140',"'segment_brand_ps' : 'REST,MARINELA PRINCIPE REGULAR,EMPERADOR'","'price_tier_ps' : 'Tier1,Tier4'"
MEXICO,CSTORE,BISCUITS,CENTRAL,0.91,'consumptionclustercode' : 'Indulgence',"'segment_ps' : 'CKY-CHOC CHIP,CKY-SANDWICH'",'packsize_ps' : '0-140',"'segment_brand_ps' : 'REST,MARINELA PRINCIPE REGULAR,EMPERADOR'",'price_tier_ps' : 'Tier5'
MEXICO,CSTORE,BISCUITS,CENTRAL,0.91,'consumptionclustercode' : 'Indulgence',"'segment_ps' : 'CKY-CHOC CHIP,CKY-SANDWICH'",'packsize_ps' : '0-140','segment_brand_ps' : 'OREO','flavor_ps' : 'Mixed'
MEXICO,CSTORE,BISCUITS,CENTRAL,0.91,'consumptionclustercode' : 'Indulgence',"'segment_ps' : 'CKY-CHOC CHIP,CKY-SANDWICH'",'packsize_ps' : '0-140','segment_brand_ps' : 'OREO',"'flavor_ps' : 'Chocolate,Sweet & Dessert'"
MEXICO,CSTORE,BISCUITS,CENTRAL,0.91,'consumptionclustercode' : 'Indulgence',"'segment_ps' : 'CKY-FRUIT,CKY-WAFER,REST'",'packsize_ps' : '140+',"'vendor_ps' : 'CUETARA,OTHER VENDOR,PEPSICO'",'price_tier_ps' : 'Tier1'
MEXICO,CSTORE,BISCUITS,CENTRAL,0.91,'consumptionclustercode' : 'Indulgence',"'segment_ps' : 'CKY-FRUIT,CKY-WAFER,REST'",'packsize_ps' : '140+',"'vendor_ps' : 'CUETARA,OTHER VENDOR,PEPSICO'",'price_tier_ps' : 'Tier2'
MEXICO,CSTORE,BISCUITS,CENTRAL,0.91,'consumptionclustercode' : 'Indulgence',"'segment_ps' : 'CKY-FRUIT,CKY-WAFER,REST'",'packsize_ps' : '0-140',"'vendor_ps' : 'BIMBO,PEPSICO,CUETARA,REST'","'flavor_ps' : 'Chocolate,Dairy,Nuts & Seeds'"
MEXICO,CSTORE,BISCUITS,CENTRAL,0.91,'consumptionclustercode' : 'Indulgence',"'segment_ps' : 'CKY-FRUIT,CKY-WAFER,REST'",'packsize_ps' : '0-140',"'vendor_ps' : 'BIMBO,PEPSICO,CUETARA,REST'","'flavor_ps' : 'Fruits,Sweet & Dessert,Mixed,Plain'"
MEXICO,CSTORE,SAVORY,CENTRAL,0.91,'packtype_ps' : 'SinglePack',"'segment_ps' : 'SAV-CORN,SAV-EXTRUDED,SAV-POTATO,SAV-TORTILLA'",'packsize_ps' : '90+',"'segment_brand_ps' : 'CHEETOS FRIED,RUFFLES,DORITOS'","'price_tier_ps' : 'Tier1,Tier2'"
MEXICO,CSTORE,SAVORY,CENTRAL,0.91,'packtype_ps' : 'SinglePack',"'segment_ps' : 'SAV-CORN,SAV-EXTRUDED,SAV-POTATO,SAV-TORTILLA'",'packsize_ps' : '90+',"'segment_brand_ps' : 'CHEETOS FRIED,RUFFLES,DORITOS'",'price_tier_ps' : 'Tier5'
MEXICO,CSTORE,SAVORY,CENTRAL,0.91,'packtype_ps' : 'SinglePack',"'segment_ps' : 'SAV-CORN,SAV-EXTRUDED,SAV-POTATO,SAV-TORTILLA'",'packsize_ps' : '90+',"'segment_brand_ps' : 'REST,BARCEL CHIPS,SABRITAS PC'","'price_tier_ps' : 'Tier3,Tier2,Tier4'"
MEXICO,CSTORE,SAVORY,CENTRAL,0.91,'packtype_ps' : 'SinglePack',"'segment_ps' : 'SAV-CORN,SAV-EXTRUDED,SAV-POTATO,SAV-TORTILLA'",'packsize_ps' : '90+',"'segment_brand_ps' : 'REST,BARCEL CHIPS,SABRITAS PC'",'price_tier_ps' : 'Tier5'
MEXICO,CSTORE,SAVORY,CENTRAL,0.91,'packtype_ps' : 'SinglePack',"'segment_ps' : 'SAV-CORN,SAV-EXTRUDED,SAV-POTATO,SAV-TORTILLA'",'packsize_ps' : '90+',"'segment_brand_ps' : 'REST,BARCEL CHIPS,SABRITAS PC'",'price_tier_ps' : 'Tier1'
MEXICO,CSTORE,SAVORY,CENTRAL,0.91,'packtype_ps' : 'SinglePack',"'segment_ps' : 'SAV-CORN,SAV-EXTRUDED,SAV-POTATO,SAV-TORTILLA'",'packsize_ps' : '90+','segment_brand_ps' : 'OTHER POTATO BRAND','' : ''
MEXICO,CSTORE,SAVORY,CENTRAL,0.91,'packtype_ps' : 'SinglePack',"'segment_ps' : 'SAV-CORN,SAV-EXTRUDED,SAV-POTATO,SAV-TORTILLA'",'packsize_ps' : '0-90',"'segment_brand_ps' : 'REST,OTHER POTATO BRAND'","'price_tier_ps' : 'Tier5,Tier3'"
MEXICO,CSTORE,SAVORY,CENTRAL,0.91,'packtype_ps' : 'SinglePack',"'segment_ps' : 'SAV-CORN,SAV-EXTRUDED,SAV-POTATO,SAV-TORTILLA'",'packsize_ps' : '0-90',"'segment_brand_ps' : 'REST,OTHER POTATO BRAND'","'price_tier_ps' : 'Tier4,Tier1,Tier2'"
MEXICO,CSTORE,SAVORY,CENTRAL,0.91,'packtype_ps' : 'SinglePack',"'segment_ps' : 'SAV-CORN,SAV-EXTRUDED,SAV-POTATO,SAV-TORTILLA'",'packsize_ps' : '0-90',"'segment_brand_ps' : 'CHEETOS FRIED,BARCEL CHIPS'","'price_tier_ps' : 'Tier5,Tier1,Tier2'"
MEXICO,CSTORE,SAVORY,CENTRAL,0.91,'packtype_ps' : 'SinglePack',"'segment_ps' : 'SAV-CORN,SAV-EXTRUDED,SAV-POTATO,SAV-TORTILLA'",'packsize_ps' : '0-90',"'segment_brand_ps' : 'CHEETOS FRIED,BARCEL CHIPS'",'price_tier_ps' : 'Tier3'
MEXICO,CSTORE,SAVORY,CENTRAL,0.91,'packtype_ps' : 'SinglePack',"'segment_ps' : 'SAV-NUTS,REST,SAV-SALTY MIX'",'packsize_ps' : '0-90',"'segment_brand_ps' : 'REST,PAKETAXO'","'price_tier_ps' : 'Tier1,Tier3'"
MEXICO,CSTORE,SAVORY,CENTRAL,0.91,'packtype_ps' : 'SinglePack',"'segment_ps' : 'SAV-NUTS,REST,SAV-SALTY MIX'",'packsize_ps' : '0-90',"'segment_brand_ps' : 'REST,PAKETAXO'","'price_tier_ps' : 'Tier5,Tier4'"
MEXICO,CSTORE,SAVORY,CENTRAL,0.91,'packtype_ps' : 'SinglePack',"'segment_ps' : 'SAV-NUTS,REST,SAV-SALTY MIX'",'packsize_ps' : '90+','segment_brand_ps' : 'PAKETAXO','' : ''
MEXICO,CSTORE,SAVORY,CENTRAL,0.91,'packtype_ps' : 'SinglePack',"'segment_ps' : 'SAV-NUTS,REST,SAV-SALTY MIX'",'packsize_ps' : '90+',"'segment_brand_ps' : 'OTHER NUTS BRAND,REST'","'price_tier_ps' : 'Tier3,Tier2'"
MEXICO,CSTORE,SAVORY,CENTRAL,0.91,'packtype_ps' : 'SinglePack',"'segment_ps' : 'SAV-NUTS,REST,SAV-SALTY MIX'",'packsize_ps' : '90+',"'segment_brand_ps' : 'OTHER NUTS BRAND,REST'","'price_tier_ps' : 'Tier4,Tier5,Tier1'"
MEXICO,CSTORE,BISCUITS,NORTH,0.91,'consumptionclustercode' : 'Food',"'segment_ps' : 'CKY-MARIAS,REST,CRK-IN-HOME'",'packsize_ps' : '140+',"'segment_brand_ps' : 'REST,CRACKETS'","'price_tier_ps' : 'Tier2,Tier5,Tier3'"
MEXICO,CSTORE,BISCUITS,NORTH,0.91,'consumptionclustercode' : 'Food',"'segment_ps' : 'CKY-MARIAS,REST,CRK-IN-HOME'",'packsize_ps' : '140+',"'segment_brand_ps' : 'REST,CRACKETS'","'price_tier_ps' : 'Tier1,Tier4'"
MEXICO,CSTORE,BISCUITS,NORTH,0.91,'consumptionclustercode' : 'Food',"'segment_ps' : 'CKY-MARIAS,REST,CRK-IN-HOME'",'packsize_ps' : '0-140',"'segment_brand_ps' : 'GAMESA MARIAS,CRACKETS'",'price_tier_ps' : 'Tier5'
MEXICO,CSTORE,BISCUITS,NORTH,0.91,'consumptionclustercode' : 'Food',"'segment_ps' : 'CKY-MARIAS,REST,CRK-IN-HOME'",'packsize_ps' : '0-140',"'segment_brand_ps' : 'GAMESA MARIAS,CRACKETS'",'price_tier_ps' : 'Tier4'
MEXICO,CSTORE,BISCUITS,NORTH,0.91,'consumptionclustercode' : 'Food',"'segment_ps' : 'CKY-MARIAS,REST,CRK-IN-HOME'",'packsize_ps' : '0-140','segment_brand_ps' : 'REST',"'price_tier_ps' : 'Tier5,Tier3,Tier2'"
MEXICO,CSTORE,BISCUITS,NORTH,0.91,'consumptionclustercode' : 'Food',"'segment_ps' : 'CKY-MARIAS,REST,CRK-IN-HOME'",'packsize_ps' : '0-140','segment_brand_ps' : 'REST',"'price_tier_ps' : 'Tier4,Tier1'"
MEXICO,CSTORE,BISCUITS,NORTH,0.91,'consumptionclustercode' : 'Food',"'segment_ps' : 'CKY-OTHER,CKY-TRAD'",'packsize_ps' : '0-140','segment_brand_ps' : 'OTHER OTHER BISCUITS BRAND','price_tier_ps' : 'Tier5'
MEXICO,CSTORE,BISCUITS,NORTH,0.91,'consumptionclustercode' : 'Food',"'segment_ps' : 'CKY-OTHER,CKY-TRAD'",'packsize_ps' : '0-140','segment_brand_ps' : 'OTHER OTHER BISCUITS BRAND','price_tier_ps' : 'Tier1'
MEXICO,CSTORE,BISCUITS,NORTH,0.91,'consumptionclustercode' : 'Food',"'segment_ps' : 'CKY-OTHER,CKY-TRAD'",'packsize_ps' : '0-140',"'segment_brand_ps' : 'CONTROLLED LABEL BRAND,REST'","'price_tier_ps' : 'Tier5,Tier1'"
MEXICO,CSTORE,BISCUITS,NORTH,0.91,'consumptionclustercode' : 'Food',"'segment_ps' : 'CKY-OTHER,CKY-TRAD'",'packsize_ps' : '0-140',"'segment_brand_ps' : 'CONTROLLED LABEL BRAND,REST'","'price_tier_ps' : 'Tier3,Tier2'"
MEXICO,CSTORE,BISCUITS,NORTH,0.91,'consumptionclustercode' : 'Food',"'segment_ps' : 'CKY-OTHER,CKY-TRAD'",'packsize_ps' : '0-140',"'segment_brand_ps' : 'CONTROLLED LABEL BRAND,REST'",'price_tier_ps' : 'Tier4'
MEXICO,CSTORE,BISCUITS,NORTH,0.91,'consumptionclustercode' : 'Food',"'segment_ps' : 'CKY-OTHER,CKY-TRAD'",'packsize_ps' : '140+','segment_brand_ps' : 'REST',"'vendor_ps' : 'PEPSICO,REST'"
MEXICO,CSTORE,BISCUITS,NORTH,0.91,'consumptionclustercode' : 'Food',"'segment_ps' : 'CKY-OTHER,CKY-TRAD'",'packsize_ps' : '140+','segment_brand_ps' : 'REST',"'vendor_ps' : 'CUETARA,OTHER VENDOR,BIMBO'"
MEXICO,CSTORE,BISCUITS,NORTH,0.91,'consumptionclustercode' : 'Food',"'segment_ps' : 'CKY-OTHER,CKY-TRAD'",'packsize_ps' : '140+',"'segment_brand_ps' : 'CONTROLLED LABEL BRAND,OTHER OTHER BISCUITS BRAND'",'price_tier_ps' : 'Tier4'
MEXICO,CSTORE,BISCUITS,NORTH,0.91,'consumptionclustercode' : 'Food',"'segment_ps' : 'CKY-OTHER,CKY-TRAD'",'packsize_ps' : '140+',"'segment_brand_ps' : 'CONTROLLED LABEL BRAND,OTHER OTHER BISCUITS BRAND'","'price_tier_ps' : 'Tier1,Tier5'"
MEXICO,CSTORE,BISCUITS,NORTH,0.91,'consumptionclustercode' : 'Indulgence',"'segment_ps' : 'CKY-FRUIT,REST'",'packsize_ps' : '140+',"'vendor_ps' : 'BIMBO,PEPSICO'","'price_tier_ps' : 'Tier1,Tier4,Tier2'"
MEXICO,CSTORE,BISCUITS,NORTH,0.91,'consumptionclustercode' : 'Indulgence',"'segment_ps' : 'CKY-FRUIT,REST'",'packsize_ps' : '140+',"'vendor_ps' : 'BIMBO,PEPSICO'","'price_tier_ps' : 'Tier5,Tier3'"
MEXICO,CSTORE,BISCUITS,NORTH,0.91,'consumptionclustercode' : 'Indulgence',"'segment_ps' : 'CKY-FRUIT,REST'",'packsize_ps' : '0-140','segment_brand_ps' : 'BARRITAS MARINELA','' : ''
MEXICO,CSTORE,BISCUITS,NORTH,0.91,'consumptionclustercode' : 'Indulgence',"'segment_ps' : 'CKY-FRUIT,REST'",'packsize_ps' : '0-140','segment_brand_ps' : 'REST',"'price_tier_ps' : 'Tier3,Tier1,Tier2'"
MEXICO,CSTORE,BISCUITS,NORTH,0.91,'consumptionclustercode' : 'Indulgence',"'segment_ps' : 'CKY-FRUIT,REST'",'packsize_ps' : '0-140','segment_brand_ps' : 'REST','price_tier_ps' : 'Tier4'
MEXICO,CSTORE,BISCUITS,NORTH,0.91,'consumptionclustercode' : 'Indulgence',"'segment_ps' : 'CKY-FRUIT,REST'",'packsize_ps' : '0-140','segment_brand_ps' : 'REST','price_tier_ps' : 'Tier5'
MEXICO,CSTORE,BISCUITS,NORTH,0.91,'consumptionclustercode' : 'Indulgence',"'segment_ps' : 'CKY-CHOC CHIP,CKY-SANDWICH,CKY-WAFER'",'packsize_ps' : '140+',"'vendor_ps' : 'MONDELEZ,CUETARA,OTHER VENDOR'","'price_tier_ps' : 'Tier2,Tier4'"
MEXICO,CSTORE,BISCUITS,NORTH,0.91,'consumptionclustercode' : 'Indulgence',"'segment_ps' : 'CKY-CHOC CHIP,CKY-SANDWICH,CKY-WAFER'",'packsize_ps' : '140+',"'vendor_ps' : 'MONDELEZ,CUETARA,OTHER VENDOR'","'price_tier_ps' : 'Tier1,Tier5,Tier3'"
MEXICO,CSTORE,BISCUITS,NORTH,0.91,'consumptionclustercode' : 'Indulgence',"'segment_ps' : 'CKY-CHOC CHIP,CKY-SANDWICH,CKY-WAFER'",'packsize_ps' : '140+',"'vendor_ps' : 'PEPSICO,BIMBO,REST'","'price_tier_ps' : 'Tier1,Tier5'"
MEXICO,CSTORE,BISCUITS,NORTH,0.91,'consumptionclustercode' : 'Indulgence',"'segment_ps' : 'CKY-CHOC CHIP,CKY-SANDWICH,CKY-WAFER'",'packsize_ps' : '140+',"'vendor_ps' : 'PEPSICO,BIMBO,REST'","'price_tier_ps' : 'Tier3,Tier4'"
MEXICO,CSTORE,BISCUITS,NORTH,0.91,'consumptionclustercode' : 'Indulgence',"'segment_ps' : 'CKY-CHOC CHIP,CKY-SANDWICH,CKY-WAFER'",'packsize_ps' : '140+',"'vendor_ps' : 'PEPSICO,BIMBO,REST'",'price_tier_ps' : 'Tier2'
MEXICO,CSTORE,BISCUITS,NORTH,0.91,'consumptionclustercode' : 'Indulgence',"'segment_ps' : 'CKY-CHOC CHIP,CKY-SANDWICH,CKY-WAFER'",'packsize_ps' : '0-140',"'segment_brand_ps' : 'REST,CHOKIS,EMPERADOR'","'vendor_ps' : 'BIMBO,MONDELEZ,PEPSICO,OTHER VENDOR'"
MEXICO,CSTORE,BISCUITS,NORTH,0.91,'consumptionclustercode' : 'Indulgence',"'segment_ps' : 'CKY-CHOC CHIP,CKY-SANDWICH,CKY-WAFER'",'packsize_ps' : '0-140',"'segment_brand_ps' : 'REST,CHOKIS,EMPERADOR'",'vendor_ps' : 'REST'
MEXICO,CSTORE,BISCUITS,NORTH,0.91,'consumptionclustercode' : 'Indulgence',"'segment_ps' : 'CKY-CHOC CHIP,CKY-SANDWICH,CKY-WAFER'",'packsize_ps' : '0-140',"'segment_brand_ps' : 'REST,CHOKIS,EMPERADOR'",'vendor_ps' : 'CUETARA'
MEXICO,CSTORE,BISCUITS,NORTH,0.91,'consumptionclustercode' : 'Indulgence',"'segment_ps' : 'CKY-CHOC CHIP,CKY-SANDWICH,CKY-WAFER'",'packsize_ps' : '0-140','segment_brand_ps' : 'OREO',"'price_tier_ps' : 'Tier4,Tier3'"
MEXICO,CSTORE,BISCUITS,NORTH,0.91,'consumptionclustercode' : 'Indulgence',"'segment_ps' : 'CKY-CHOC CHIP,CKY-SANDWICH,CKY-WAFER'",'packsize_ps' : '0-140','segment_brand_ps' : 'OREO',"'price_tier_ps' : 'Tier5,Tier1'"
MEXICO,CSTORE,BISCUITS,NORTH,0.91,'consumptionclustercode' : 'Indulgence',"'segment_ps' : 'CKY-CHOC CHIP,CKY-SANDWICH,CKY-WAFER'",'packsize_ps' : '0-140','segment_brand_ps' : 'MARINELA PRINCIPE REGULAR',"'price_tier_ps' : 'Tier5,Tier2'"
MEXICO,CSTORE,BISCUITS,NORTH,0.91,'consumptionclustercode' : 'Indulgence',"'segment_ps' : 'CKY-CHOC CHIP,CKY-SANDWICH,CKY-WAFER'",'packsize_ps' : '0-140','segment_brand_ps' : 'MARINELA PRINCIPE REGULAR','price_tier_ps' : 'Tier3'
MEXICO,CSTORE,BISCUITS,NORTH,0.91,'consumptionclustercode' : 'Indulgence',"'segment_ps' : 'CKY-CHOC CHIP,CKY-SANDWICH,CKY-WAFER'",'packsize_ps' : '0-140','segment_brand_ps' : 'MARINELA PRINCIPE REGULAR','price_tier_ps' : 'Tier4'
MEXICO,CSTORE,SAVORY,NORTH,0.93,'packtype_ps' : 'SinglePack',"'segment_ps' : 'SAV-EXTRUDED,SAV-POTATO,SAV-TORTILLA'",'packsize_ps' : '0-90',"'segment_brand_ps' : 'CHEETOS FRIED,BARCEL CHIPS,RUFFLES,SABRITAS PC,DORITOS'","'price_tier_ps' : 'Tier2,Tier4,Tier1,Tier3'"
MEXICO,CSTORE,SAVORY,NORTH,0.93,'packtype_ps' : 'SinglePack',"'segment_ps' : 'SAV-EXTRUDED,SAV-POTATO,SAV-TORTILLA'",'packsize_ps' : '0-90',"'segment_brand_ps' : 'CHEETOS FRIED,BARCEL CHIPS,RUFFLES,SABRITAS PC,DORITOS'",'price_tier_ps' : 'Tier5'
MEXICO,CSTORE,SAVORY,NORTH,0.93,'packtype_ps' : 'SinglePack',"'segment_ps' : 'SAV-EXTRUDED,SAV-POTATO,SAV-TORTILLA'",'packsize_ps' : '0-90',"'segment_brand_ps' : 'REST,OTHER POTATO BRAND'","'price_tier_ps' : 'Tier5,Tier1,Tier3'"
MEXICO,CSTORE,SAVORY,NORTH,0.93,'packtype_ps' : 'SinglePack',"'segment_ps' : 'SAV-EXTRUDED,SAV-POTATO,SAV-TORTILLA'",'packsize_ps' : '0-90',"'segment_brand_ps' : 'REST,OTHER POTATO BRAND'",'price_tier_ps' : 'Tier2'
MEXICO,CSTORE,SAVORY,NORTH,0.93,'packtype_ps' : 'SinglePack',"'segment_ps' : 'SAV-EXTRUDED,SAV-POTATO,SAV-TORTILLA'",'packsize_ps' : '0-90',"'segment_brand_ps' : 'REST,OTHER POTATO BRAND'",'price_tier_ps' : 'Tier4'
MEXICO,CSTORE,SAVORY,NORTH,0.93,'packtype_ps' : 'SinglePack',"'segment_ps' : 'SAV-EXTRUDED,SAV-POTATO,SAV-TORTILLA'",'packsize_ps' : '90+',"'vendor_ps' : 'BIMBO,REST,BOKADOS'","'price_tier_ps' : 'Tier2,Tier3'"
MEXICO,CSTORE,SAVORY,NORTH,0.93,'packtype_ps' : 'SinglePack',"'segment_ps' : 'SAV-EXTRUDED,SAV-POTATO,SAV-TORTILLA'",'packsize_ps' : '90+',"'vendor_ps' : 'BIMBO,REST,BOKADOS'","'price_tier_ps' : 'Tier1,Tier4,Tier5'"
MEXICO,CSTORE,SAVORY,NORTH,0.93,'packtype_ps' : 'SinglePack',"'segment_ps' : 'SAV-EXTRUDED,SAV-POTATO,SAV-TORTILLA'",'packsize_ps' : '90+',"'vendor_ps' : 'BYDSA,PEPSICO'","'price_tier_ps' : 'Tier5,Tier3'"
MEXICO,CSTORE,SAVORY,NORTH,0.93,'packtype_ps' : 'SinglePack',"'segment_ps' : 'SAV-EXTRUDED,SAV-POTATO,SAV-TORTILLA'",'packsize_ps' : '90+',"'vendor_ps' : 'BYDSA,PEPSICO'","'price_tier_ps' : 'Tier1,Tier2'"
MEXICO,CSTORE,SAVORY,NORTH,0.93,'packtype_ps' : 'SinglePack',"'segment_ps' : 'REST,SAV-NUTS,SAV-CORN,SAV-SALTY MIX'",'packsize_ps' : '90+',"'segment_brand_ps' : 'REST,OTHER NUTS BRAND'","'price_tier_ps' : 'Tier4,Tier5,Tier1'"
MEXICO,CSTORE,SAVORY,NORTH,0.93,'packtype_ps' : 'SinglePack',"'segment_ps' : 'REST,SAV-NUTS,SAV-CORN,SAV-SALTY MIX'",'packsize_ps' : '90+',"'segment_brand_ps' : 'REST,OTHER NUTS BRAND'","'price_tier_ps' : 'Tier2,Tier3'"
MEXICO,CSTORE,SAVORY,NORTH,0.93,'packtype_ps' : 'SinglePack',"'segment_ps' : 'REST,SAV-NUTS,SAV-CORN,SAV-SALTY MIX'",'packsize_ps' : '90+','segment_brand_ps' : 'PAKETAXO','' : ''
MEXICO,CSTORE,SAVORY,NORTH,0.93,'packtype_ps' : 'SinglePack',"'segment_ps' : 'REST,SAV-NUTS,SAV-CORN,SAV-SALTY MIX'",'packsize_ps' : '0-90',"'segment_brand_ps' : 'REST,OTHER NUTS BRAND'",'price_tier_ps' : 'Tier2'
MEXICO,CSTORE,SAVORY,NORTH,0.93,'packtype_ps' : 'SinglePack',"'segment_ps' : 'REST,SAV-NUTS,SAV-CORN,SAV-SALTY MIX'",'packsize_ps' : '0-90',"'segment_brand_ps' : 'REST,OTHER NUTS BRAND'","'price_tier_ps' : 'Tier1,Tier5'"
MEXICO,CSTORE,SAVORY,NORTH,0.93,'packtype_ps' : 'SinglePack',"'segment_ps' : 'REST,SAV-NUTS,SAV-CORN,SAV-SALTY MIX'",'packsize_ps' : '0-90',"'segment_brand_ps' : 'REST,OTHER NUTS BRAND'","'price_tier_ps' : 'Tier4,Tier3'"
MEXICO,CSTORE,SAVORY,NORTH,0.93,'packtype_ps' : 'SinglePack',"'segment_ps' : 'REST,SAV-NUTS,SAV-CORN,SAV-SALTY MIX'",'packsize_ps' : '0-90','segment_brand_ps' : 'PAKETAXO','' : ''
MEXICO,CSTORE,BISCUITS,NORTHWEST,0.88,'consumptionclustercode' : 'Indulgence',"'segment_ps' : 'CKY-FRUIT,CKY-SANDWICH'",'packsize_ps' : '0-140',"'segment_brand_ps' : 'MARINELA PRINCIPE REGULAR,OREO'",'price_tier_ps' : 'Tier1'
MEXICO,CSTORE,BISCUITS,NORTHWEST,0.88,'consumptionclustercode' : 'Indulgence',"'segment_ps' : 'CKY-FRUIT,CKY-SANDWICH'",'packsize_ps' : '0-140',"'segment_brand_ps' : 'MARINELA PRINCIPE REGULAR,OREO'","'price_tier_ps' : 'Tier5,Tier4'"
MEXICO,CSTORE,BISCUITS,NORTHWEST,0.88,'consumptionclustercode' : 'Indulgence',"'segment_ps' : 'CKY-FRUIT,CKY-SANDWICH'",'packsize_ps' : '0-140',"'segment_brand_ps' : 'REST,EMPERADOR'",'price_tier_ps' : 'Tier3'
MEXICO,CSTORE,BISCUITS,NORTHWEST,0.88,'consumptionclustercode' : 'Indulgence',"'segment_ps' : 'CKY-FRUIT,CKY-SANDWICH'",'packsize_ps' : '0-140',"'segment_brand_ps' : 'REST,EMPERADOR'",'price_tier_ps' : 'Tier5'
MEXICO,CSTORE,BISCUITS,NORTHWEST,0.88,'consumptionclustercode' : 'Indulgence',"'segment_ps' : 'CKY-FRUIT,CKY-SANDWICH'",'packsize_ps' : '140+',"'segment_brand_ps' : 'OREO,EMPERADOR'","'price_tier_ps' : 'Tier3,Tier1'"
MEXICO,CSTORE,BISCUITS,NORTHWEST,0.88,'consumptionclustercode' : 'Indulgence',"'segment_ps' : 'CKY-FRUIT,CKY-SANDWICH'",'packsize_ps' : '140+',"'segment_brand_ps' : 'OREO,EMPERADOR'",'price_tier_ps' : 'Tier5'
MEXICO,CSTORE,BISCUITS,NORTHWEST,0.88,'consumptionclustercode' : 'Indulgence',"'segment_ps' : 'CKY-FRUIT,CKY-SANDWICH'",'packsize_ps' : '140+','segment_brand_ps' : 'REST',"'vendor_ps' : 'BIMBO,OTHER VENDOR'"
MEXICO,CSTORE,BISCUITS,NORTHWEST,0.88,'consumptionclustercode' : 'Indulgence',"'segment_ps' : 'CKY-FRUIT,CKY-SANDWICH'",'packsize_ps' : '140+','segment_brand_ps' : 'REST','vendor_ps' : 'REST'
MEXICO,CSTORE,BISCUITS,NORTHWEST,0.88,'consumptionclustercode' : 'Indulgence',"'segment_ps' : 'CKY-FRUIT,CKY-SANDWICH'",'packsize_ps' : '140+','segment_brand_ps' : 'REST','vendor_ps' : 'PEPSICO'
MEXICO,CSTORE,BISCUITS,NORTHWEST,0.88,'consumptionclustercode' : 'Indulgence',"'segment_ps' : 'CKY-FRUIT,CKY-SANDWICH'",'packsize_ps' : '140+','segment_brand_ps' : 'MARINELA PRINCIPE REGULAR','' : ''
MEXICO,CSTORE,BISCUITS,NORTHWEST,0.88,'consumptionclustercode' : 'Indulgence',"'segment_ps' : 'CKY-CHOC CHIP,CKY-WAFER,REST'",'packsize_ps' : '0-140',"'vendor_ps' : 'MONDELEZ,PEPSICO,REST'","'price_tier_ps' : 'Tier5,Tier3,Tier1'"
MEXICO,CSTORE,BISCUITS,NORTHWEST,0.88,'consumptionclustercode' : 'Indulgence',"'segment_ps' : 'CKY-CHOC CHIP,CKY-WAFER,REST'",'packsize_ps' : '0-140',"'vendor_ps' : 'MONDELEZ,PEPSICO,REST'",'price_tier_ps' : 'Tier4'
MEXICO,CSTORE,BISCUITS,NORTHWEST,0.88,'consumptionclustercode' : 'Indulgence',"'segment_ps' : 'CKY-CHOC CHIP,CKY-WAFER,REST'",'packsize_ps' : '140+',"'vendor_ps' : 'OTHER VENDOR,PEPSICO,CUETARA'",'price_tier_ps' : 'Tier2'
MEXICO,CSTORE,BISCUITS,NORTHWEST,0.88,'consumptionclustercode' : 'Indulgence',"'segment_ps' : 'CKY-CHOC CHIP,CKY-WAFER,REST'",'packsize_ps' : '140+',"'vendor_ps' : 'OTHER VENDOR,PEPSICO,CUETARA'","'price_tier_ps' : 'Tier5,Tier1'"
MEXICO,CSTORE,BISCUITS,NORTHWEST,0.88,'consumptionclustercode' : 'Indulgence',"'segment_ps' : 'CKY-CHOC CHIP,CKY-WAFER,REST'",'packsize_ps' : '140+','vendor_ps' : 'MONDELEZ','' : ''
MEXICO,CSTORE,BISCUITS,NORTHWEST,0.88,'consumptionclustercode' : 'Food',"'segment_ps' : 'CKY-MARIAS,CKY-TRAD,CRK-IN-HOME'",'packsize_ps' : '0-140',"'segment_brand_ps' : 'GAMESA MARIAS,CRACKETS'",'price_tier_ps' : 'Tier4'
MEXICO,CSTORE,BISCUITS,NORTHWEST,0.88,'consumptionclustercode' : 'Food',"'segment_ps' : 'CKY-MARIAS,CKY-TRAD,CRK-IN-HOME'",'packsize_ps' : '0-140',"'segment_brand_ps' : 'GAMESA MARIAS,CRACKETS'",'price_tier_ps' : 'Tier5'
MEXICO,CSTORE,BISCUITS,NORTHWEST,0.88,'consumptionclustercode' : 'Food',"'segment_ps' : 'CKY-MARIAS,CKY-TRAD,CRK-IN-HOME'",'packsize_ps' : '0-140','segment_brand_ps' : 'REST',"'price_tier_ps' : 'Tier5,Tier4'"
MEXICO,CSTORE,BISCUITS,NORTHWEST,0.88,'consumptionclustercode' : 'Food',"'segment_ps' : 'CKY-MARIAS,CKY-TRAD,CRK-IN-HOME'",'packsize_ps' : '0-140','segment_brand_ps' : 'REST','price_tier_ps' : 'Tier1'
MEXICO,CSTORE,BISCUITS,NORTHWEST,0.88,'consumptionclustercode' : 'Food',"'segment_ps' : 'CKY-MARIAS,CKY-TRAD,CRK-IN-HOME'",'packsize_ps' : '140+','segment_brand_ps' : 'REST','' : ''
MEXICO,CSTORE,BISCUITS,NORTHWEST,0.88,'consumptionclustercode' : 'Food',"'segment_ps' : 'CKY-MARIAS,CKY-TRAD,CRK-IN-HOME'",'packsize_ps' : '140+','segment_brand_ps' : 'CRACKETS','' : ''
MEXICO,CSTORE,BISCUITS,NORTHWEST,0.88,'consumptionclustercode' : 'Food',"'segment_ps' : 'CKY-OTHER,REST'",'packsize_ps' : '0-140',"'segment_brand_ps' : 'REST,OTHER OTHER BISCUITS BRAND'","'price_tier_ps' : 'Tier5,Tier4'"
MEXICO,CSTORE,BISCUITS,NORTHWEST,0.88,'consumptionclustercode' : 'Food',"'segment_ps' : 'CKY-OTHER,REST'",'packsize_ps' : '0-140',"'segment_brand_ps' : 'REST,OTHER OTHER BISCUITS BRAND'",'price_tier_ps' : 'Tier1'
MEXICO,CSTORE,BISCUITS,NORTHWEST,0.88,'consumptionclustercode' : 'Food',"'segment_ps' : 'CKY-OTHER,REST'",'packsize_ps' : '0-140','segment_brand_ps' : 'CONTROLLED LABEL BRAND','' : ''
MEXICO,CSTORE,BISCUITS,NORTHWEST,0.88,'consumptionclustercode' : 'Food',"'segment_ps' : 'CKY-OTHER,REST'",'packsize_ps' : '140+','segment_brand_ps' : 'CONTROLLED LABEL BRAND','price_tier_ps' : 'Tier5'
MEXICO,CSTORE,BISCUITS,NORTHWEST,0.88,'consumptionclustercode' : 'Food',"'segment_ps' : 'CKY-OTHER,REST'",'packsize_ps' : '140+','segment_brand_ps' : 'CONTROLLED LABEL BRAND','price_tier_ps' : 'Tier1'
MEXICO,CSTORE,BISCUITS,NORTHWEST,0.88,'consumptionclustercode' : 'Food',"'segment_ps' : 'CKY-OTHER,REST'",'packsize_ps' : '140+',"'segment_brand_ps' : 'REST,OTHER OTHER BISCUITS BRAND'","'vendor_ps' : 'REST,PEPSICO'"
MEXICO,CSTORE,BISCUITS,NORTHWEST,0.88,'consumptionclustercode' : 'Food',"'segment_ps' : 'CKY-OTHER,REST'",'packsize_ps' : '140+',"'segment_brand_ps' : 'REST,OTHER OTHER BISCUITS BRAND'",'vendor_ps' : 'CUETARA'
MEXICO,CSTORE,BISCUITS,NORTHWEST,0.88,'consumptionclustercode' : 'Food',"'segment_ps' : 'CKY-OTHER,REST'",'packsize_ps' : '140+',"'segment_brand_ps' : 'REST,OTHER OTHER BISCUITS BRAND'",'vendor_ps' : 'OTHER VENDOR'
MEXICO,CSTORE,BISCUITS,VALLE DE MEX,0.9,'consumptionclustercode' : 'Food',"'segment_ps' : 'CKY-OTHER,CKY-TRAD'",'packsize_ps' : '140+',"'segment_brand_ps' : 'CONTROLLED LABEL BRAND,OTHER OTHER BISCUITS BRAND'","'price_tier_ps' : 'Tier1,Tier5'"
MEXICO,CSTORE,BISCUITS,VALLE DE MEX,0.9,'consumptionclustercode' : 'Food',"'segment_ps' : 'CKY-OTHER,CKY-TRAD'",'packsize_ps' : '140+',"'segment_brand_ps' : 'CONTROLLED LABEL BRAND,OTHER OTHER BISCUITS BRAND'",'price_tier_ps' : 'Tier4'
MEXICO,CSTORE,BISCUITS,VALLE DE MEX,0.9,'consumptionclustercode' : 'Food',"'segment_ps' : 'CKY-OTHER,CKY-TRAD'",'packsize_ps' : '140+','segment_brand_ps' : 'REST','price_tier_ps' : 'Tier5'
MEXICO,CSTORE,BISCUITS,VALLE DE MEX,0.9,'consumptionclustercode' : 'Food',"'segment_ps' : 'CKY-OTHER,CKY-TRAD'",'packsize_ps' : '140+','segment_brand_ps' : 'REST',"'price_tier_ps' : 'Tier3,Tier1'"
MEXICO,CSTORE,BISCUITS,VALLE DE MEX,0.9,'consumptionclustercode' : 'Food',"'segment_ps' : 'CKY-OTHER,CKY-TRAD'",'packsize_ps' : '0-140',"'segment_brand_ps' : 'CONTROLLED LABEL BRAND,OTHER OTHER BISCUITS BRAND'",'price_tier_ps' : 'Tier5'
MEXICO,CSTORE,BISCUITS,VALLE DE MEX,0.9,'consumptionclustercode' : 'Food',"'segment_ps' : 'CKY-OTHER,CKY-TRAD'",'packsize_ps' : '0-140',"'segment_brand_ps' : 'CONTROLLED LABEL BRAND,OTHER OTHER BISCUITS BRAND'",'price_tier_ps' : 'Tier1'
MEXICO,CSTORE,BISCUITS,VALLE DE MEX,0.9,'consumptionclustercode' : 'Food',"'segment_ps' : 'CKY-OTHER,CKY-TRAD'",'packsize_ps' : '0-140','segment_brand_ps' : 'REST',"'vendor_ps' : 'CUETARA,REST,PRIVATE LABEL'"
MEXICO,CSTORE,BISCUITS,VALLE DE MEX,0.9,'consumptionclustercode' : 'Food',"'segment_ps' : 'CKY-OTHER,CKY-TRAD'",'packsize_ps' : '0-140','segment_brand_ps' : 'REST',"'vendor_ps' : 'OTHER VENDOR,BIMBO'"
MEXICO,CSTORE,BISCUITS,VALLE DE MEX,0.9,'consumptionclustercode' : 'Food',"'segment_ps' : 'CKY-OTHER,CKY-TRAD'",'packsize_ps' : '0-140','segment_brand_ps' : 'REST','vendor_ps' : 'PEPSICO'
MEXICO,CSTORE,BISCUITS,VALLE DE MEX,0.9,'consumptionclustercode' : 'Food',"'segment_ps' : 'CKY-MARIAS,REST,CRK-IN-HOME'",'packsize_ps' : '140+','segment_brand_ps' : 'REST',"'flavor_ps' : 'Plain,Nuts & Seeds,Sweet & Dessert'"
MEXICO,CSTORE,BISCUITS,VALLE DE MEX,0.9,'consumptionclustercode' : 'Food',"'segment_ps' : 'CKY-MARIAS,REST,CRK-IN-HOME'",'packsize_ps' : '140+','segment_brand_ps' : 'REST',"'flavor_ps' : 'Mixed,Dairy,Savory & Vegetable'"
MEXICO,CSTORE,BISCUITS,VALLE DE MEX,0.9,'consumptionclustercode' : 'Food',"'segment_ps' : 'CKY-MARIAS,REST,CRK-IN-HOME'",'packsize_ps' : '0-140',"'segment_brand_ps' : 'GAMESA MARIAS,CRACKETS'",'price_tier_ps' : 'Tier4'
MEXICO,CSTORE,BISCUITS,VALLE DE MEX,0.9,'consumptionclustercode' : 'Food',"'segment_ps' : 'CKY-MARIAS,REST,CRK-IN-HOME'",'packsize_ps' : '0-140',"'segment_brand_ps' : 'GAMESA MARIAS,CRACKETS'",'price_tier_ps' : 'Tier5'
MEXICO,CSTORE,BISCUITS,VALLE DE MEX,0.9,'consumptionclustercode' : 'Food',"'segment_ps' : 'CKY-MARIAS,REST,CRK-IN-HOME'",'packsize_ps' : '0-140','segment_brand_ps' : 'REST',"'price_tier_ps' : 'Tier4,Tier3,Tier2'"
MEXICO,CSTORE,BISCUITS,VALLE DE MEX,0.9,'consumptionclustercode' : 'Food',"'segment_ps' : 'CKY-MARIAS,REST,CRK-IN-HOME'",'packsize_ps' : '0-140','segment_brand_ps' : 'REST',"'price_tier_ps' : 'Tier5,Tier1'"
MEXICO,CSTORE,BISCUITS,VALLE DE MEX,0.9,'consumptionclustercode' : 'Indulgence','segment_ps' : 'REST','packsize_ps' : '0-140',"'vendor_ps' : 'BIMBO,REST,CUETARA'","'flavor_ps' : 'Chocolate,Sweet & Dessert,Fruits'"
MEXICO,CSTORE,BISCUITS,VALLE DE MEX,0.9,'consumptionclustercode' : 'Indulgence','segment_ps' : 'REST','packsize_ps' : '0-140',"'vendor_ps' : 'BIMBO,REST,CUETARA'","'flavor_ps' : 'Nuts & Seeds,Dairy,Mixed'"
MEXICO,CSTORE,BISCUITS,VALLE DE MEX,0.9,'consumptionclustercode' : 'Indulgence','segment_ps' : 'REST','packsize_ps' : '0-140',"'vendor_ps' : 'BIMBO,REST,CUETARA'",'flavor_ps' : 'Plain'
MEXICO,CSTORE,BISCUITS,VALLE DE MEX,0.9,'consumptionclustercode' : 'Indulgence','segment_ps' : 'REST','packsize_ps' : '0-140','vendor_ps' : 'PEPSICO','price_tier_ps' : 'Tier2'
MEXICO,CSTORE,BISCUITS,VALLE DE MEX,0.9,'consumptionclustercode' : 'Indulgence','segment_ps' : 'REST','packsize_ps' : '0-140','vendor_ps' : 'PEPSICO',"'price_tier_ps' : 'Tier4,Tier3'"
MEXICO,CSTORE,BISCUITS,VALLE DE MEX,0.9,'consumptionclustercode' : 'Indulgence','segment_ps' : 'REST','packsize_ps' : '0-140','vendor_ps' : 'PEPSICO',"'price_tier_ps' : 'Tier5,Tier1'"
MEXICO,CSTORE,BISCUITS,VALLE DE MEX,0.9,'consumptionclustercode' : 'Indulgence','segment_ps' : 'REST','packsize_ps' : '140+',"'vendor_ps' : 'PEPSICO,REST'","'price_tier_ps' : 'Tier5,Tier4'"
MEXICO,CSTORE,BISCUITS,VALLE DE MEX,0.9,'consumptionclustercode' : 'Indulgence','segment_ps' : 'REST','packsize_ps' : '140+',"'vendor_ps' : 'PEPSICO,REST'","'price_tier_ps' : 'Tier1,Tier2'"
MEXICO,CSTORE,BISCUITS,VALLE DE MEX,0.9,'consumptionclustercode' : 'Indulgence','segment_ps' : 'REST','packsize_ps' : '140+','vendor_ps' : 'BIMBO',"'price_tier_ps' : 'Tier3,Tier5'"
MEXICO,CSTORE,BISCUITS,VALLE DE MEX,0.9,'consumptionclustercode' : 'Indulgence','segment_ps' : 'REST','packsize_ps' : '140+','vendor_ps' : 'BIMBO','price_tier_ps' : 'Tier2'
MEXICO,CSTORE,BISCUITS,VALLE DE MEX,0.9,'consumptionclustercode' : 'Indulgence','segment_ps' : 'REST','packsize_ps' : '140+','vendor_ps' : 'BIMBO','price_tier_ps' : 'Tier1'
MEXICO,CSTORE,BISCUITS,VALLE DE MEX,0.9,'consumptionclustercode' : 'Indulgence',"'segment_ps' : 'CKY-CHOC CHIP,CKY-FRUIT,CKY-SANDWICH,CKY-WAFER'",'packsize_ps' : '140+',"'vendor_ps' : 'MONDELEZ,PEPSICO,OTHER VENDOR,CUETARA'","'price_tier_ps' : 'Tier1,Tier4,Tier2'"
MEXICO,CSTORE,BISCUITS,VALLE DE MEX,0.9,'consumptionclustercode' : 'Indulgence',"'segment_ps' : 'CKY-CHOC CHIP,CKY-FRUIT,CKY-SANDWICH,CKY-WAFER'",'packsize_ps' : '140+',"'vendor_ps' : 'MONDELEZ,PEPSICO,OTHER VENDOR,CUETARA'","'price_tier_ps' : 'Tier5,Tier3'"
MEXICO,CSTORE,BISCUITS,VALLE DE MEX,0.9,'consumptionclustercode' : 'Indulgence',"'segment_ps' : 'CKY-CHOC CHIP,CKY-FRUIT,CKY-SANDWICH,CKY-WAFER'",'packsize_ps' : '140+','vendor_ps' : 'BIMBO',"'price_tier_ps' : 'Tier1,Tier4,Tier5'"
MEXICO,CSTORE,BISCUITS,VALLE DE MEX,0.9,'consumptionclustercode' : 'Indulgence',"'segment_ps' : 'CKY-CHOC CHIP,CKY-FRUIT,CKY-SANDWICH,CKY-WAFER'",'packsize_ps' : '140+','vendor_ps' : 'BIMBO',"'price_tier_ps' : 'Tier2,Tier3'"
MEXICO,CSTORE,BISCUITS,VALLE DE MEX,0.9,'consumptionclustercode' : 'Indulgence',"'segment_ps' : 'CKY-CHOC CHIP,CKY-FRUIT,CKY-SANDWICH,CKY-WAFER'",'packsize_ps' : '0-140',"'segment_brand_ps' : 'OREO,EMPERADOR'","'price_tier_ps' : 'Tier3,Tier4'"
MEXICO,CSTORE,BISCUITS,VALLE DE MEX,0.9,'consumptionclustercode' : 'Indulgence',"'segment_ps' : 'CKY-CHOC CHIP,CKY-FRUIT,CKY-SANDWICH,CKY-WAFER'",'packsize_ps' : '0-140',"'segment_brand_ps' : 'OREO,EMPERADOR'","'price_tier_ps' : 'Tier5,Tier1'"
MEXICO,CSTORE,BISCUITS,VALLE DE MEX,0.9,'consumptionclustercode' : 'Indulgence',"'segment_ps' : 'CKY-CHOC CHIP,CKY-FRUIT,CKY-SANDWICH,CKY-WAFER'",'packsize_ps' : '0-140',"'segment_brand_ps' : 'CHOKIS,BARRITAS MARINELA'",'price_tier_ps' : 'Tier5'
MEXICO,CSTORE,BISCUITS,VALLE DE MEX,0.9,'consumptionclustercode' : 'Indulgence',"'segment_ps' : 'CKY-CHOC CHIP,CKY-FRUIT,CKY-SANDWICH,CKY-WAFER'",'packsize_ps' : '0-140',"'segment_brand_ps' : 'CHOKIS,BARRITAS MARINELA'",'price_tier_ps' : 'Tier4'
MEXICO,CSTORE,BISCUITS,VALLE DE MEX,0.9,'consumptionclustercode' : 'Indulgence',"'segment_ps' : 'CKY-CHOC CHIP,CKY-FRUIT,CKY-SANDWICH,CKY-WAFER'",'packsize_ps' : '0-140',"'segment_brand_ps' : 'CHOKIS,BARRITAS MARINELA'",'price_tier_ps' : 'Tier3'
MEXICO,DTS,BISCUITS,CENTRAL,0.9,'consumptionclustercode' : 'Food',"'segment_ps' : 'CKY-OTHER,REST,CRK-SALTINE'",'packsize_ps' : '0-100',"'segment_brand_ps' : 'REST,GAMESA SALADITAS'","'flavor_ps' : 'Grains & Cereals,Plain,Mixed'"
MEXICO,DTS,BISCUITS,CENTRAL,0.9,'consumptionclustercode' : 'Food',"'segment_ps' : 'CKY-OTHER,REST,CRK-SALTINE'",'packsize_ps' : '0-100',"'segment_brand_ps' : 'REST,GAMESA SALADITAS'","'flavor_ps' : 'Savory & Vegetable,Dairy'"
MEXICO,DTS,BISCUITS,CENTRAL,0.9,'consumptionclustercode' : 'Food',"'segment_ps' : 'CKY-OTHER,REST,CRK-SALTINE'",'packsize_ps' : '0-100',"'segment_brand_ps' : 'REST,GAMESA SALADITAS'","'flavor_ps' : 'Chocolate,BISCUITS'"
MEXICO,DTS,BISCUITS,CENTRAL,0.9,'consumptionclustercode' : 'Food',"'segment_ps' : 'CKY-OTHER,REST,CRK-SALTINE'","'packsize_ps' : '100-140,140+'","'segment_brand_ps' : 'REST,OTHER OTHER BISCUITS BRAND'","'price_tier_ps' : 'Tier1,Tier4,Tier3'"
MEXICO,DTS,BISCUITS,CENTRAL,0.9,'consumptionclustercode' : 'Food',"'segment_ps' : 'CKY-OTHER,REST,CRK-SALTINE'","'packsize_ps' : '100-140,140+'","'segment_brand_ps' : 'REST,OTHER OTHER BISCUITS BRAND'","'price_tier_ps' : 'Tier5,Tier2'"
MEXICO,DTS,BISCUITS,CENTRAL,0.9,'consumptionclustercode' : 'Food',"'segment_ps' : 'CKY-MARIAS,CKY-TRAD,CRK-IN-HOME'",'packsize_ps' : '100-140','segment_brand_ps' : 'GAMESA MARIAS','price_tier_ps' : 'Tier5'
MEXICO,DTS,BISCUITS,CENTRAL,0.9,'consumptionclustercode' : 'Food',"'segment_ps' : 'CKY-MARIAS,CKY-TRAD,CRK-IN-HOME'",'packsize_ps' : '100-140','segment_brand_ps' : 'GAMESA MARIAS','price_tier_ps' : 'Tier4'
MEXICO,DTS,BISCUITS,CENTRAL,0.9,'consumptionclustercode' : 'Food',"'segment_ps' : 'CKY-MARIAS,CKY-TRAD,CRK-IN-HOME'",'packsize_ps' : '100-140','segment_brand_ps' : 'GAMESA MARIAS','price_tier_ps' : 'Tier3'
MEXICO,DTS,BISCUITS,CENTRAL,0.9,'consumptionclustercode' : 'Food',"'segment_ps' : 'CKY-MARIAS,CKY-TRAD,CRK-IN-HOME'",'packsize_ps' : '100-140','segment_brand_ps' : 'REST','price_tier_ps' : 'Tier1'
MEXICO,DTS,BISCUITS,CENTRAL,0.9,'consumptionclustercode' : 'Food',"'segment_ps' : 'CKY-MARIAS,CKY-TRAD,CRK-IN-HOME'",'packsize_ps' : '100-140','segment_brand_ps' : 'REST',"'price_tier_ps' : 'Tier5,Tier4,Tier3'"
MEXICO,DTS,BISCUITS,CENTRAL,0.9,'consumptionclustercode' : 'Food',"'segment_ps' : 'CKY-MARIAS,CKY-TRAD,CRK-IN-HOME'","'packsize_ps' : '140+,0-100'",'segment_brand_ps' : 'GAMESA MARIAS',"'price_tier_ps' : 'Tier1,Tier4,Tier5'"
MEXICO,DTS,BISCUITS,CENTRAL,0.9,'consumptionclustercode' : 'Food',"'segment_ps' : 'CKY-MARIAS,CKY-TRAD,CRK-IN-HOME'","'packsize_ps' : '140+,0-100'",'segment_brand_ps' : 'GAMESA MARIAS','price_tier_ps' : 'Tier2'
MEXICO,DTS,BISCUITS,CENTRAL,0.9,'consumptionclustercode' : 'Food',"'segment_ps' : 'CKY-MARIAS,CKY-TRAD,CRK-IN-HOME'","'packsize_ps' : '140+,0-100'",'segment_brand_ps' : 'REST',"'price_tier_ps' : 'Tier3,Tier5'"
MEXICO,DTS,BISCUITS,CENTRAL,0.9,'consumptionclustercode' : 'Food',"'segment_ps' : 'CKY-MARIAS,CKY-TRAD,CRK-IN-HOME'","'packsize_ps' : '140+,0-100'",'segment_brand_ps' : 'REST',"'price_tier_ps' : 'Tier1,Tier2'"
MEXICO,DTS,BISCUITS,CENTRAL,0.9,'consumptionclustercode' : 'Food',"'segment_ps' : 'CKY-MARIAS,CKY-TRAD,CRK-IN-HOME'","'packsize_ps' : '140+,0-100'",'segment_brand_ps' : 'REST','price_tier_ps' : 'Tier4'
MEXICO,DTS,BISCUITS,CENTRAL,0.9,'consumptionclustercode' : 'Indulgence',"'segment_ps' : 'CKY-CHOC CHIP,CKY-FRUIT,CKY-SANDWICH'","'packsize_ps' : '100-140,140+'","'vendor_ps' : 'REST,OTHER VENDOR'","'flavor_ps' : 'Chocolate,Coffee & Tea,Dairy'"
MEXICO,DTS,BISCUITS,CENTRAL,0.9,'consumptionclustercode' : 'Indulgence',"'segment_ps' : 'CKY-CHOC CHIP,CKY-FRUIT,CKY-SANDWICH'","'packsize_ps' : '100-140,140+'","'vendor_ps' : 'REST,OTHER VENDOR'",'flavor_ps' : 'Mixed'
MEXICO,DTS,BISCUITS,CENTRAL,0.9,'consumptionclustercode' : 'Indulgence',"'segment_ps' : 'CKY-CHOC CHIP,CKY-FRUIT,CKY-SANDWICH'","'packsize_ps' : '100-140,140+'","'vendor_ps' : 'PEPSICO,MONDELEZ'","'price_tier_ps' : 'Tier1,Tier3,Tier2'"
MEXICO,DTS,BISCUITS,CENTRAL,0.9,'consumptionclustercode' : 'Indulgence',"'segment_ps' : 'CKY-CHOC CHIP,CKY-FRUIT,CKY-SANDWICH'","'packsize_ps' : '100-140,140+'","'vendor_ps' : 'PEPSICO,MONDELEZ'","'price_tier_ps' : 'Tier5,Tier4'"
MEXICO,DTS,BISCUITS,CENTRAL,0.9,'consumptionclustercode' : 'Indulgence',"'segment_ps' : 'CKY-CHOC CHIP,CKY-FRUIT,CKY-SANDWICH'","'packsize_ps' : '100-140,140+'","'vendor_ps' : 'BIMBO,DONDE'",'price_tier_ps' : 'Tier1'
MEXICO,DTS,BISCUITS,CENTRAL,0.9,'consumptionclustercode' : 'Indulgence',"'segment_ps' : 'CKY-CHOC CHIP,CKY-FRUIT,CKY-SANDWICH'","'packsize_ps' : '100-140,140+'","'vendor_ps' : 'BIMBO,DONDE'","'price_tier_ps' : 'Tier4,Tier5'"
MEXICO,DTS,BISCUITS,CENTRAL,0.9,'consumptionclustercode' : 'Indulgence',"'segment_ps' : 'CKY-CHOC CHIP,CKY-FRUIT,CKY-SANDWICH'","'packsize_ps' : '100-140,140+'","'vendor_ps' : 'BIMBO,DONDE'",'price_tier_ps' : 'Tier2'
MEXICO,DTS,BISCUITS,CENTRAL,0.9,'consumptionclustercode' : 'Indulgence',"'segment_ps' : 'CKY-CHOC CHIP,CKY-FRUIT,CKY-SANDWICH'",'packsize_ps' : '0-100',"'flavor_ps' : 'Fruits,Nuts & Seeds,Grains & Cereals'",'price_tier_ps' : 'Tier3'
MEXICO,DTS,BISCUITS,CENTRAL,0.9,'consumptionclustercode' : 'Indulgence',"'segment_ps' : 'CKY-CHOC CHIP,CKY-FRUIT,CKY-SANDWICH'",'packsize_ps' : '0-100',"'flavor_ps' : 'Fruits,Nuts & Seeds,Grains & Cereals'","'price_tier_ps' : 'Tier5,Tier4,Tier1'"
MEXICO,DTS,BISCUITS,CENTRAL,0.9,'consumptionclustercode' : 'Indulgence',"'segment_ps' : 'CKY-CHOC CHIP,CKY-FRUIT,CKY-SANDWICH'",'packsize_ps' : '0-100',"'flavor_ps' : 'Chocolate,Dairy,Coffee & Tea'","'price_tier_ps' : 'Tier5,Tier4'"
MEXICO,DTS,BISCUITS,CENTRAL,0.9,'consumptionclustercode' : 'Indulgence',"'segment_ps' : 'CKY-CHOC CHIP,CKY-FRUIT,CKY-SANDWICH'",'packsize_ps' : '0-100',"'flavor_ps' : 'Chocolate,Dairy,Coffee & Tea'",'price_tier_ps' : 'Tier3'
MEXICO,DTS,BISCUITS,CENTRAL,0.9,'consumptionclustercode' : 'Indulgence',"'segment_ps' : 'CKY-CHOC CHIP,CKY-FRUIT,CKY-SANDWICH'",'packsize_ps' : '0-100',"'flavor_ps' : 'Chocolate,Dairy,Coffee & Tea'","'price_tier_ps' : 'Tier1,Tier2'"
MEXICO,DTS,BISCUITS,CENTRAL,0.9,'consumptionclustercode' : 'Indulgence',"'segment_ps' : 'CKY-CHOC CHIP,CKY-FRUIT,CKY-SANDWICH'",'packsize_ps' : '0-100',"'flavor_ps' : 'Sweet & Dessert,Mixed'","'price_tier_ps' : 'Tier4,Tier5,Tier3'"
MEXICO,DTS,BISCUITS,CENTRAL,0.9,'consumptionclustercode' : 'Indulgence',"'segment_ps' : 'CKY-CHOC CHIP,CKY-FRUIT,CKY-SANDWICH'",'packsize_ps' : '0-100',"'flavor_ps' : 'Sweet & Dessert,Mixed'",'price_tier_ps' : 'Tier1'
MEXICO,DTS,BISCUITS,CENTRAL,0.9,'consumptionclustercode' : 'Indulgence','segment_ps' : 'REST','packsize_ps' : '0-100',"'flavor_ps' : 'Chocolate,Mixed,Plain,Coffee & Tea'",'price_tier_ps' : 'Tier1'
MEXICO,DTS,BISCUITS,CENTRAL,0.9,'consumptionclustercode' : 'Indulgence','segment_ps' : 'REST','packsize_ps' : '0-100',"'flavor_ps' : 'Chocolate,Mixed,Plain,Coffee & Tea'","'price_tier_ps' : 'Tier5,Tier4,Tier3'"
MEXICO,DTS,BISCUITS,CENTRAL,0.9,'consumptionclustercode' : 'Indulgence','segment_ps' : 'REST','packsize_ps' : '0-100',"'flavor_ps' : 'Dairy,Sweet & Dessert,Nuts & Seeds,Fruits'",'price_tier_ps' : 'Tier3'
MEXICO,DTS,BISCUITS,CENTRAL,0.9,'consumptionclustercode' : 'Indulgence','segment_ps' : 'REST','packsize_ps' : '0-100',"'flavor_ps' : 'Dairy,Sweet & Dessert,Nuts & Seeds,Fruits'","'price_tier_ps' : 'Tier5,Tier4'"
MEXICO,DTS,BISCUITS,CENTRAL,0.9,'consumptionclustercode' : 'Indulgence','segment_ps' : 'REST','packsize_ps' : '0-100','flavor_ps' : 'Spices & Herbs','' : ''
MEXICO,DTS,BISCUITS,CENTRAL,0.9,'consumptionclustercode' : 'Indulgence','segment_ps' : 'REST',"'packsize_ps' : '140+,100-140'","'vendor_ps' : 'BIMBO,PEPSICO,REST,CUETARA,OTHER VENDOR'",'price_tier_ps' : 'Tier4'
MEXICO,DTS,BISCUITS,CENTRAL,0.9,'consumptionclustercode' : 'Indulgence','segment_ps' : 'REST',"'packsize_ps' : '140+,100-140'","'vendor_ps' : 'BIMBO,PEPSICO,REST,CUETARA,OTHER VENDOR'","'price_tier_ps' : 'Tier1,Tier2,Tier5,Tier3'"
MEXICO,DTS,BISCUITS,CENTRAL,0.9,'consumptionclustercode' : 'Indulgence','segment_ps' : 'REST',"'packsize_ps' : '140+,100-140'",'vendor_ps' : 'DONDE','' : ''
MEXICO,DTS,BISCUITS,NORTH,0.89,'consumptionclustercode' : 'Indulgence',"'segment_ps' : 'CKY-FRUIT,CKY-MARSHMLW,CKY-WAFER'","'vendor_ps' : 'PEPSICO,REST'",'segment_brand_ps' : 'REST',"'price_tier_ps' : 'Tier1,Tier5'"
MEXICO,DTS,BISCUITS,NORTH,0.89,'consumptionclustercode' : 'Indulgence',"'segment_ps' : 'CKY-FRUIT,CKY-MARSHMLW,CKY-WAFER'","'vendor_ps' : 'PEPSICO,REST'",'segment_brand_ps' : 'REST',"'price_tier_ps' : 'Tier4,Tier3'"
MEXICO,DTS,BISCUITS,NORTH,0.89,'consumptionclustercode' : 'Indulgence',"'segment_ps' : 'CKY-FRUIT,CKY-MARSHMLW,CKY-WAFER'",'vendor_ps' : 'BIMBO','segment_brand_ps' : 'BARRITAS MARINELA','price_tier_ps' : 'Tier1'
MEXICO,DTS,BISCUITS,NORTH,0.89,'consumptionclustercode' : 'Indulgence',"'segment_ps' : 'CKY-FRUIT,CKY-MARSHMLW,CKY-WAFER'",'vendor_ps' : 'BIMBO','segment_brand_ps' : 'BARRITAS MARINELA',"'price_tier_ps' : 'Tier2,Tier5'"
MEXICO,DTS,BISCUITS,NORTH,0.89,'consumptionclustercode' : 'Indulgence',"'segment_ps' : 'CKY-FRUIT,CKY-MARSHMLW,CKY-WAFER'",'vendor_ps' : 'BIMBO','segment_brand_ps' : 'REST',"'price_tier_ps' : 'Tier3,Tier1'"
MEXICO,DTS,BISCUITS,NORTH,0.89,'consumptionclustercode' : 'Indulgence',"'segment_ps' : 'CKY-FRUIT,CKY-MARSHMLW,CKY-WAFER'",'vendor_ps' : 'BIMBO','segment_brand_ps' : 'REST',"'price_tier_ps' : 'Tier5,Tier4'"
MEXICO,DTS,BISCUITS,NORTH,0.89,'consumptionclustercode' : 'Indulgence',"'segment_ps' : 'CKY-CHOC CHIP,CKY-SANDWICH,REST'",'packsize_ps' : '0-100',"'segment_brand_ps' : 'REST,CHOKIS,EMPERADOR'","'price_tier_ps' : 'Tier4,Tier1'"
MEXICO,DTS,BISCUITS,NORTH,0.89,'consumptionclustercode' : 'Indulgence',"'segment_ps' : 'CKY-CHOC CHIP,CKY-SANDWICH,REST'",'packsize_ps' : '0-100',"'segment_brand_ps' : 'REST,CHOKIS,EMPERADOR'",'price_tier_ps' : 'Tier5'
MEXICO,DTS,BISCUITS,NORTH,0.89,'consumptionclustercode' : 'Indulgence',"'segment_ps' : 'CKY-CHOC CHIP,CKY-SANDWICH,REST'",'packsize_ps' : '0-100',"'segment_brand_ps' : 'REST,CHOKIS,EMPERADOR'","'price_tier_ps' : 'Tier3,Tier2'"
MEXICO,DTS,BISCUITS,NORTH,0.89,'consumptionclustercode' : 'Indulgence',"'segment_ps' : 'CKY-CHOC CHIP,CKY-SANDWICH,REST'",'packsize_ps' : '0-100',"'segment_brand_ps' : 'MARINELA PRINCIPE REGULAR,OREO'","'price_tier_ps' : 'Tier3,Tier4,Tier5'"
MEXICO,DTS,BISCUITS,NORTH,0.89,'consumptionclustercode' : 'Indulgence',"'segment_ps' : 'CKY-CHOC CHIP,CKY-SANDWICH,REST'",'packsize_ps' : '0-100',"'segment_brand_ps' : 'MARINELA PRINCIPE REGULAR,OREO'",'price_tier_ps' : 'Tier1'
MEXICO,DTS,BISCUITS,NORTH,0.89,'consumptionclustercode' : 'Indulgence',"'segment_ps' : 'CKY-CHOC CHIP,CKY-SANDWICH,REST'","'packsize_ps' : '100-140,140+'","'segment_brand_ps' : 'MARINELA PRINCIPE REGULAR,OREO,EMPERADOR'","'price_tier_ps' : 'Tier1,Tier3,Tier2,Tier4'"
MEXICO,DTS,BISCUITS,NORTH,0.89,'consumptionclustercode' : 'Indulgence',"'segment_ps' : 'CKY-CHOC CHIP,CKY-SANDWICH,REST'","'packsize_ps' : '100-140,140+'","'segment_brand_ps' : 'MARINELA PRINCIPE REGULAR,OREO,EMPERADOR'",'price_tier_ps' : 'Tier5'
MEXICO,DTS,BISCUITS,NORTH,0.89,'consumptionclustercode' : 'Indulgence',"'segment_ps' : 'CKY-CHOC CHIP,CKY-SANDWICH,REST'","'packsize_ps' : '100-140,140+'","'segment_brand_ps' : 'REST,CHOKIS'","'flavor_ps' : 'Chocolate,Fruits,Mixed,Sweet & Dessert,Spices & Herbs'"
MEXICO,DTS,BISCUITS,NORTH,0.89,'consumptionclustercode' : 'Indulgence',"'segment_ps' : 'CKY-CHOC CHIP,CKY-SANDWICH,REST'","'packsize_ps' : '100-140,140+'","'segment_brand_ps' : 'REST,CHOKIS'",'flavor_ps' : 'Nuts & Seeds'
MEXICO,DTS,BISCUITS,NORTH,0.89,'consumptionclustercode' : 'Indulgence',"'segment_ps' : 'CKY-CHOC CHIP,CKY-SANDWICH,REST'","'packsize_ps' : '100-140,140+'","'segment_brand_ps' : 'REST,CHOKIS'",'flavor_ps' : 'Coffee & Tea'
MEXICO,DTS,BISCUITS,NORTH,0.89,'consumptionclustercode' : 'Food',"'segment_ps' : 'CKY-MARIAS,CKY-TRAD,CRK-IN-HOME,CRK-SALTINE'","'packsize_ps' : '140+,100-140'","'flavor_ps' : 'Dairy,Plain,Mixed,Chocolate'","'price_tier_ps' : 'Tier1,Tier2'"
MEXICO,DTS,BISCUITS,NORTH,0.89,'consumptionclustercode' : 'Food',"'segment_ps' : 'CKY-MARIAS,CKY-TRAD,CRK-IN-HOME,CRK-SALTINE'","'packsize_ps' : '140+,100-140'","'flavor_ps' : 'Dairy,Plain,Mixed,Chocolate'","'price_tier_ps' : 'Tier3,Tier5,Tier4'"
MEXICO,DTS,BISCUITS,NORTH,0.89,'consumptionclustercode' : 'Food',"'segment_ps' : 'CKY-MARIAS,CKY-TRAD,CRK-IN-HOME,CRK-SALTINE'","'packsize_ps' : '140+,100-140'","'flavor_ps' : 'Fruits,Spices & Herbs'",'vendor_ps' : 'PEPSICO'
MEXICO,DTS,BISCUITS,NORTH,0.89,'consumptionclustercode' : 'Food',"'segment_ps' : 'CKY-MARIAS,CKY-TRAD,CRK-IN-HOME,CRK-SALTINE'","'packsize_ps' : '140+,100-140'","'flavor_ps' : 'Fruits,Spices & Herbs'","'vendor_ps' : 'REST,BIMBO'"
MEXICO,DTS,BISCUITS,NORTH,0.89,'consumptionclustercode' : 'Food',"'segment_ps' : 'CKY-MARIAS,CKY-TRAD,CRK-IN-HOME,CRK-SALTINE'","'packsize_ps' : '140+,100-140'","'flavor_ps' : 'Sweet & Dessert,Savory & Vegetable'","'price_tier_ps' : 'Tier5,Tier3'"
MEXICO,DTS,BISCUITS,NORTH,0.89,'consumptionclustercode' : 'Food',"'segment_ps' : 'CKY-MARIAS,CKY-TRAD,CRK-IN-HOME,CRK-SALTINE'","'packsize_ps' : '140+,100-140'","'flavor_ps' : 'Sweet & Dessert,Savory & Vegetable'",'price_tier_ps' : 'Tier4'
MEXICO,DTS,BISCUITS,NORTH,0.89,'consumptionclustercode' : 'Food',"'segment_ps' : 'CKY-MARIAS,CKY-TRAD,CRK-IN-HOME,CRK-SALTINE'","'packsize_ps' : '140+,100-140'","'flavor_ps' : 'Sweet & Dessert,Savory & Vegetable'",'price_tier_ps' : 'Tier1'
MEXICO,DTS,BISCUITS,NORTH,0.89,'consumptionclustercode' : 'Food',"'segment_ps' : 'CKY-MARIAS,CKY-TRAD,CRK-IN-HOME,CRK-SALTINE'",'packsize_ps' : '0-100','segment_brand_ps' : 'REST',"'price_tier_ps' : 'Tier1,Tier2,Tier4'"
MEXICO,DTS,BISCUITS,NORTH,0.89,'consumptionclustercode' : 'Food',"'segment_ps' : 'CKY-MARIAS,CKY-TRAD,CRK-IN-HOME,CRK-SALTINE'",'packsize_ps' : '0-100','segment_brand_ps' : 'REST',"'price_tier_ps' : 'Tier5,Tier3'"
MEXICO,DTS,BISCUITS,NORTH,0.89,'consumptionclustercode' : 'Food',"'segment_ps' : 'CKY-OTHER,REST'","'packsize_ps' : '0-100,140+'",'segment_brand_ps' : 'OTHER OTHER BISCUITS BRAND',"'price_tier_ps' : 'Tier2,Tier4'"
MEXICO,DTS,BISCUITS,NORTH,0.89,'consumptionclustercode' : 'Food',"'segment_ps' : 'CKY-OTHER,REST'","'packsize_ps' : '0-100,140+'",'segment_brand_ps' : 'OTHER OTHER BISCUITS BRAND','price_tier_ps' : 'Tier5'
MEXICO,DTS,BISCUITS,NORTH,0.89,'consumptionclustercode' : 'Food',"'segment_ps' : 'CKY-OTHER,REST'","'packsize_ps' : '0-100,140+'",'segment_brand_ps' : 'REST',"'price_tier_ps' : 'Tier5,Tier2'"
MEXICO,DTS,BISCUITS,NORTH,0.89,'consumptionclustercode' : 'Food',"'segment_ps' : 'CKY-OTHER,REST'","'packsize_ps' : '0-100,140+'",'segment_brand_ps' : 'REST',"'price_tier_ps' : 'Tier3,Tier4'"
MEXICO,DTS,BISCUITS,NORTH,0.89,'consumptionclustercode' : 'Food',"'segment_ps' : 'CKY-OTHER,REST'","'packsize_ps' : '0-100,140+'",'segment_brand_ps' : 'REST','price_tier_ps' : 'Tier1'
MEXICO,DTS,BISCUITS,NORTH,0.89,'consumptionclustercode' : 'Food',"'segment_ps' : 'CKY-OTHER,REST'",'packsize_ps' : '100-140','segment_brand_ps' : 'REST',"'vendor_ps' : 'REST,OTHER VENDOR'"
MEXICO,DTS,BISCUITS,NORTH,0.89,'consumptionclustercode' : 'Food',"'segment_ps' : 'CKY-OTHER,REST'",'packsize_ps' : '100-140','segment_brand_ps' : 'REST',"'vendor_ps' : 'PEPSICO,MONDELEZ'"
MEXICO,DTS,BISCUITS,NORTH,0.89,'consumptionclustercode' : 'Food',"'segment_ps' : 'CKY-OTHER,REST'",'packsize_ps' : '100-140','segment_brand_ps' : 'REST',"'vendor_ps' : 'CUETARA,BIMBO'"
MEXICO,DTS,BISCUITS,NORTH,0.89,'consumptionclustercode' : 'Food',"'segment_ps' : 'CKY-OTHER,REST'",'packsize_ps' : '100-140','segment_brand_ps' : 'OTHER OTHER BISCUITS BRAND','' : ''
MEXICO,DTS,BISCUITS,NORTHWEST,0.9,'consumptionclustercode' : 'Food',"'segment_ps' : 'CKY-MARIAS,CKY-TRAD,REST,CRK-IN-HOME,CRK-SALTINE'","'packsize_ps' : '140+,0-100'",'segment_brand_ps' : 'REST',"'price_tier_ps' : 'Tier3,Tier5,Tier1'"
MEXICO,DTS,BISCUITS,NORTHWEST,0.9,'consumptionclustercode' : 'Food',"'segment_ps' : 'CKY-MARIAS,CKY-TRAD,REST,CRK-IN-HOME,CRK-SALTINE'","'packsize_ps' : '140+,0-100'",'segment_brand_ps' : 'REST','price_tier_ps' : 'Tier2'
MEXICO,DTS,BISCUITS,NORTHWEST,0.9,'consumptionclustercode' : 'Food',"'segment_ps' : 'CKY-MARIAS,CKY-TRAD,REST,CRK-IN-HOME,CRK-SALTINE'","'packsize_ps' : '140+,0-100'",'segment_brand_ps' : 'REST','price_tier_ps' : 'Tier4'
MEXICO,DTS,BISCUITS,NORTHWEST,0.9,'consumptionclustercode' : 'Food',"'segment_ps' : 'CKY-MARIAS,CKY-TRAD,REST,CRK-IN-HOME,CRK-SALTINE'","'packsize_ps' : '140+,0-100'","'segment_brand_ps' : 'GAMESA MARIAS,GAMESA SALADITAS'",'price_tier_ps' : 'Tier2'
MEXICO,DTS,BISCUITS,NORTHWEST,0.9,'consumptionclustercode' : 'Food',"'segment_ps' : 'CKY-MARIAS,CKY-TRAD,REST,CRK-IN-HOME,CRK-SALTINE'","'packsize_ps' : '140+,0-100'","'segment_brand_ps' : 'GAMESA MARIAS,GAMESA SALADITAS'","'price_tier_ps' : 'Tier1,Tier4,Tier5'"
MEXICO,DTS,BISCUITS,NORTHWEST,0.9,'consumptionclustercode' : 'Food',"'segment_ps' : 'CKY-MARIAS,CKY-TRAD,REST,CRK-IN-HOME,CRK-SALTINE'",'packsize_ps' : '100-140',"'segment_brand_ps' : 'GAMESA MARIAS,GAMESA SALADITAS'",'price_tier_ps' : 'Tier3'
MEXICO,DTS,BISCUITS,NORTHWEST,0.9,'consumptionclustercode' : 'Food',"'segment_ps' : 'CKY-MARIAS,CKY-TRAD,REST,CRK-IN-HOME,CRK-SALTINE'",'packsize_ps' : '100-140',"'segment_brand_ps' : 'GAMESA MARIAS,GAMESA SALADITAS'",'price_tier_ps' : 'Tier4'
MEXICO,DTS,BISCUITS,NORTHWEST,0.9,'consumptionclustercode' : 'Food',"'segment_ps' : 'CKY-MARIAS,CKY-TRAD,REST,CRK-IN-HOME,CRK-SALTINE'",'packsize_ps' : '100-140','segment_brand_ps' : 'REST','price_tier_ps' : 'Tier4'
MEXICO,DTS,BISCUITS,NORTHWEST,0.9,'consumptionclustercode' : 'Food',"'segment_ps' : 'CKY-MARIAS,CKY-TRAD,REST,CRK-IN-HOME,CRK-SALTINE'",'packsize_ps' : '100-140','segment_brand_ps' : 'REST',"'price_tier_ps' : 'Tier5,Tier3,Tier1,Tier2'"
MEXICO,DTS,BISCUITS,NORTHWEST,0.9,'consumptionclustercode' : 'Food','segment_ps' : 'CKY-OTHER','packsize_ps' : '140+','segment_brand_ps' : 'REST','price_tier_ps' : 'Tier5'
MEXICO,DTS,BISCUITS,NORTHWEST,0.9,'consumptionclustercode' : 'Food','segment_ps' : 'CKY-OTHER','packsize_ps' : '140+','segment_brand_ps' : 'REST','price_tier_ps' : 'Tier1'
MEXICO,DTS,BISCUITS,NORTHWEST,0.9,'consumptionclustercode' : 'Food','segment_ps' : 'CKY-OTHER','packsize_ps' : '140+','segment_brand_ps' : 'OTHER OTHER BISCUITS BRAND','' : ''
MEXICO,DTS,BISCUITS,NORTHWEST,0.9,'consumptionclustercode' : 'Food','segment_ps' : 'CKY-OTHER','packsize_ps' : '100-140','' : '','' : ''
MEXICO,DTS,BISCUITS,NORTHWEST,0.9,'consumptionclustercode' : 'Indulgence',"'segment_ps' : 'CKY-FRUIT,REST'","'packsize_ps' : '140+,100-140'",'segment_brand_ps' : 'REST',"'price_tier_ps' : 'Tier5,Tier1'"
MEXICO,DTS,BISCUITS,NORTHWEST,0.9,'consumptionclustercode' : 'Indulgence',"'segment_ps' : 'CKY-FRUIT,REST'","'packsize_ps' : '140+,100-140'",'segment_brand_ps' : 'REST','price_tier_ps' : 'Tier3'
MEXICO,DTS,BISCUITS,NORTHWEST,0.9,'consumptionclustercode' : 'Indulgence',"'segment_ps' : 'CKY-FRUIT,REST'","'packsize_ps' : '140+,100-140'",'segment_brand_ps' : 'REST','price_tier_ps' : 'Tier4'
MEXICO,DTS,BISCUITS,NORTHWEST,0.9,'consumptionclustercode' : 'Indulgence',"'segment_ps' : 'CKY-FRUIT,REST'",'packsize_ps' : '0-100','segment_brand_ps' : 'REST','vendor_ps' : 'CUETARA'
MEXICO,DTS,BISCUITS,NORTHWEST,0.9,'consumptionclustercode' : 'Indulgence',"'segment_ps' : 'CKY-FRUIT,REST'",'packsize_ps' : '0-100','segment_brand_ps' : 'REST',"'vendor_ps' : 'PEPSICO,BIMBO,OTHER VENDOR'"
MEXICO,DTS,BISCUITS,NORTHWEST,0.9,'consumptionclustercode' : 'Indulgence',"'segment_ps' : 'CKY-FRUIT,REST'",'packsize_ps' : '0-100','segment_brand_ps' : 'REST','vendor_ps' : 'REST'
MEXICO,DTS,BISCUITS,NORTHWEST,0.9,'consumptionclustercode' : 'Indulgence',"'segment_ps' : 'CKY-FRUIT,REST'",'packsize_ps' : '0-100','segment_brand_ps' : 'BARRITAS MARINELA','' : ''
MEXICO,DTS,BISCUITS,NORTHWEST,0.9,'consumptionclustercode' : 'Indulgence',"'segment_ps' : 'CKY-CHOC CHIP,CKY-SANDWICH'","'packsize_ps' : '100-140,140+'","'vendor_ps' : 'BIMBO,CUETARA,REST'",'price_tier_ps' : 'Tier5'
MEXICO,DTS,BISCUITS,NORTHWEST,0.9,'consumptionclustercode' : 'Indulgence',"'segment_ps' : 'CKY-CHOC CHIP,CKY-SANDWICH'","'packsize_ps' : '100-140,140+'","'vendor_ps' : 'BIMBO,CUETARA,REST'","'price_tier_ps' : 'Tier4,Tier2,Tier1'"
MEXICO,DTS,BISCUITS,NORTHWEST,0.9,'consumptionclustercode' : 'Indulgence',"'segment_ps' : 'CKY-CHOC CHIP,CKY-SANDWICH'","'packsize_ps' : '100-140,140+'","'vendor_ps' : 'MONDELEZ,OTHER VENDOR'","'price_tier_ps' : 'Tier3,Tier5'"
MEXICO,DTS,BISCUITS,NORTHWEST,0.9,'consumptionclustercode' : 'Indulgence',"'segment_ps' : 'CKY-CHOC CHIP,CKY-SANDWICH'","'packsize_ps' : '100-140,140+'","'vendor_ps' : 'MONDELEZ,OTHER VENDOR'","'price_tier_ps' : 'Tier1,Tier2'"
MEXICO,DTS,BISCUITS,NORTHWEST,0.9,'consumptionclustercode' : 'Indulgence',"'segment_ps' : 'CKY-CHOC CHIP,CKY-SANDWICH'","'packsize_ps' : '100-140,140+'",'vendor_ps' : 'PEPSICO',"'price_tier_ps' : 'Tier3,Tier2,Tier1'"
MEXICO,DTS,BISCUITS,NORTHWEST,0.9,'consumptionclustercode' : 'Indulgence',"'segment_ps' : 'CKY-CHOC CHIP,CKY-SANDWICH'","'packsize_ps' : '100-140,140+'",'vendor_ps' : 'PEPSICO',"'price_tier_ps' : 'Tier5,Tier4'"
MEXICO,DTS,BISCUITS,NORTHWEST,0.9,'consumptionclustercode' : 'Indulgence',"'segment_ps' : 'CKY-CHOC CHIP,CKY-SANDWICH'",'packsize_ps' : '0-100',"'segment_brand_ps' : 'MARINELA PRINCIPE REGULAR,OREO'","'price_tier_ps' : 'Tier4,Tier1'"
MEXICO,DTS,BISCUITS,NORTHWEST,0.9,'consumptionclustercode' : 'Indulgence',"'segment_ps' : 'CKY-CHOC CHIP,CKY-SANDWICH'",'packsize_ps' : '0-100',"'segment_brand_ps' : 'MARINELA PRINCIPE REGULAR,OREO'","'price_tier_ps' : 'Tier5,Tier3'"
MEXICO,DTS,BISCUITS,NORTHWEST,0.9,'consumptionclustercode' : 'Indulgence',"'segment_ps' : 'CKY-CHOC CHIP,CKY-SANDWICH'",'packsize_ps' : '0-100',"'segment_brand_ps' : 'REST,EMPERADOR'","'price_tier_ps' : 'Tier5,Tier2,Tier1,Tier4'"
MEXICO,DTS,BISCUITS,NORTHWEST,0.9,'consumptionclustercode' : 'Indulgence',"'segment_ps' : 'CKY-CHOC CHIP,CKY-SANDWICH'",'packsize_ps' : '0-100',"'segment_brand_ps' : 'REST,EMPERADOR'",'price_tier_ps' : 'Tier3'
MEXICO,DTS,BISCUITS,SOUTHEAST,0.92,'consumptionclustercode' : 'Food',"'segment_ps' : 'CKY-MARIAS,CKY-TRAD,CRK-IN-HOME'","'packsize_ps' : '140+,0-100'","'segment_brand_ps' : 'GAMESA MARIAS,CRACKETS'","'price_tier_ps' : 'Tier1,Tier4,Tier5'"
MEXICO,DTS,BISCUITS,SOUTHEAST,0.92,'consumptionclustercode' : 'Food',"'segment_ps' : 'CKY-MARIAS,CKY-TRAD,CRK-IN-HOME'","'packsize_ps' : '140+,0-100'","'segment_brand_ps' : 'GAMESA MARIAS,CRACKETS'","'price_tier_ps' : 'Tier3,Tier2'"
MEXICO,DTS,BISCUITS,SOUTHEAST,0.92,'consumptionclustercode' : 'Food',"'segment_ps' : 'CKY-MARIAS,CKY-TRAD,CRK-IN-HOME'","'packsize_ps' : '140+,0-100'",'segment_brand_ps' : 'REST',"'price_tier_ps' : 'Tier2,Tier3,Tier1'"
MEXICO,DTS,BISCUITS,SOUTHEAST,0.92,'consumptionclustercode' : 'Food',"'segment_ps' : 'CKY-MARIAS,CKY-TRAD,CRK-IN-HOME'","'packsize_ps' : '140+,0-100'",'segment_brand_ps' : 'REST',"'price_tier_ps' : 'Tier5,Tier4'"
MEXICO,DTS,BISCUITS,SOUTHEAST,0.92,'consumptionclustercode' : 'Food',"'segment_ps' : 'CKY-MARIAS,CKY-TRAD,CRK-IN-HOME'",'packsize_ps' : '100-140','segment_brand_ps' : 'GAMESA MARIAS','price_tier_ps' : 'Tier4'
MEXICO,DTS,BISCUITS,SOUTHEAST,0.92,'consumptionclustercode' : 'Food',"'segment_ps' : 'CKY-MARIAS,CKY-TRAD,CRK-IN-HOME'",'packsize_ps' : '100-140','segment_brand_ps' : 'GAMESA MARIAS','price_tier_ps' : 'Tier3'
MEXICO,DTS,BISCUITS,SOUTHEAST,0.92,'consumptionclustercode' : 'Food',"'segment_ps' : 'CKY-MARIAS,CKY-TRAD,CRK-IN-HOME'",'packsize_ps' : '100-140','segment_brand_ps' : 'GAMESA MARIAS','price_tier_ps' : 'Tier5'
MEXICO,DTS,BISCUITS,SOUTHEAST,0.92,'consumptionclustercode' : 'Food',"'segment_ps' : 'CKY-MARIAS,CKY-TRAD,CRK-IN-HOME'",'packsize_ps' : '100-140','segment_brand_ps' : 'REST',"'price_tier_ps' : 'Tier5,Tier1'"
MEXICO,DTS,BISCUITS,SOUTHEAST,0.92,'consumptionclustercode' : 'Food',"'segment_ps' : 'CKY-MARIAS,CKY-TRAD,CRK-IN-HOME'",'packsize_ps' : '100-140','segment_brand_ps' : 'REST',"'price_tier_ps' : 'Tier4,Tier3'"
MEXICO,DTS,BISCUITS,SOUTHEAST,0.92,'consumptionclustercode' : 'Food',"'segment_ps' : 'CKY-OTHER,REST,CRK-SALTINE'",'packsize_ps' : '0-100',"'segment_brand_ps' : 'OTHER OTHER BISCUITS BRAND,GAMESA SALADITAS'",'price_tier_ps' : 'Tier4'
MEXICO,DTS,BISCUITS,SOUTHEAST,0.92,'consumptionclustercode' : 'Food',"'segment_ps' : 'CKY-OTHER,REST,CRK-SALTINE'",'packsize_ps' : '0-100',"'segment_brand_ps' : 'OTHER OTHER BISCUITS BRAND,GAMESA SALADITAS'",'price_tier_ps' : 'Tier2'
MEXICO,DTS,BISCUITS,SOUTHEAST,0.92,'consumptionclustercode' : 'Food',"'segment_ps' : 'CKY-OTHER,REST,CRK-SALTINE'",'packsize_ps' : '0-100','segment_brand_ps' : 'REST',"'flavor_ps' : 'Mixed,Chocolate,Grains & Cereals,Fruits'"
MEXICO,DTS,BISCUITS,SOUTHEAST,0.92,'consumptionclustercode' : 'Food',"'segment_ps' : 'CKY-OTHER,REST,CRK-SALTINE'",'packsize_ps' : '0-100','segment_brand_ps' : 'REST',"'flavor_ps' : 'Plain,Savory & Vegetable'"
MEXICO,DTS,BISCUITS,SOUTHEAST,0.92,'consumptionclustercode' : 'Food',"'segment_ps' : 'CKY-OTHER,REST,CRK-SALTINE'",'packsize_ps' : '0-100','segment_brand_ps' : 'REST','flavor_ps' : 'Dairy'
MEXICO,DTS,BISCUITS,SOUTHEAST,0.92,'consumptionclustercode' : 'Food',"'segment_ps' : 'CKY-OTHER,REST,CRK-SALTINE'","'packsize_ps' : '140+,100-140'","'segment_brand_ps' : 'REST,OTHER OTHER BISCUITS BRAND'","'flavor_ps' : 'Mixed,Nuts & Seeds,Chocolate'"
MEXICO,DTS,BISCUITS,SOUTHEAST,0.92,'consumptionclustercode' : 'Food',"'segment_ps' : 'CKY-OTHER,REST,CRK-SALTINE'","'packsize_ps' : '140+,100-140'","'segment_brand_ps' : 'REST,OTHER OTHER BISCUITS BRAND'","'flavor_ps' : 'Fruits,Sweet & Dessert,Spices & Herbs,Grains & Cereals,Dairy'"
MEXICO,DTS,BISCUITS,SOUTHEAST,0.92,'consumptionclustercode' : 'Food',"'segment_ps' : 'CKY-OTHER,REST,CRK-SALTINE'","'packsize_ps' : '140+,100-140'","'segment_brand_ps' : 'REST,OTHER OTHER BISCUITS BRAND'","'flavor_ps' : 'Savory & Vegetable,Plain'"
MEXICO,DTS,BISCUITS,SOUTHEAST,0.92,'consumptionclustercode' : 'Indulgence',"'segment_ps' : 'CKY-CHOC CHIP,CKY-SANDWICH,REST'","'packsize_ps' : '100-140,140+'","'flavor_ps' : 'Sweet & Dessert,Fruits,Spices & Herbs,Coffee & Tea'","'price_tier_ps' : 'Tier1,Tier3,Tier5'"
MEXICO,DTS,BISCUITS,SOUTHEAST,0.92,'consumptionclustercode' : 'Indulgence',"'segment_ps' : 'CKY-CHOC CHIP,CKY-SANDWICH,REST'","'packsize_ps' : '100-140,140+'","'flavor_ps' : 'Sweet & Dessert,Fruits,Spices & Herbs,Coffee & Tea'","'price_tier_ps' : 'Tier2,Tier4'"
MEXICO,DTS,BISCUITS,SOUTHEAST,0.92,'consumptionclustercode' : 'Indulgence',"'segment_ps' : 'CKY-CHOC CHIP,CKY-SANDWICH,REST'","'packsize_ps' : '100-140,140+'","'flavor_ps' : 'Chocolate,Mixed,Dairy'","'segment_brand_ps' : 'REST,CHOKIS'"
MEXICO,DTS,BISCUITS,SOUTHEAST,0.92,'consumptionclustercode' : 'Indulgence',"'segment_ps' : 'CKY-CHOC CHIP,CKY-SANDWICH,REST'","'packsize_ps' : '100-140,140+'","'flavor_ps' : 'Chocolate,Mixed,Dairy'","'segment_brand_ps' : 'MARINELA PRINCIPE REGULAR,OREO'"
MEXICO,DTS,BISCUITS,SOUTHEAST,0.92,'consumptionclustercode' : 'Indulgence',"'segment_ps' : 'CKY-CHOC CHIP,CKY-SANDWICH,REST'","'packsize_ps' : '100-140,140+'","'flavor_ps' : 'Chocolate,Mixed,Dairy'",'segment_brand_ps' : 'EMPERADOR'
MEXICO,DTS,BISCUITS,SOUTHEAST,0.92,'consumptionclustercode' : 'Indulgence',"'segment_ps' : 'CKY-CHOC CHIP,CKY-SANDWICH,REST'","'packsize_ps' : '100-140,140+'",'flavor_ps' : 'Plain','' : ''
MEXICO,DTS,BISCUITS,SOUTHEAST,0.92,'consumptionclustercode' : 'Indulgence',"'segment_ps' : 'CKY-CHOC CHIP,CKY-SANDWICH,REST'",'packsize_ps' : '0-100',"'vendor_ps' : 'BIMBO,PEPSICO,REST'","'price_tier_ps' : 'Tier5,Tier4'"
MEXICO,DTS,BISCUITS,SOUTHEAST,0.92,'consumptionclustercode' : 'Indulgence',"'segment_ps' : 'CKY-CHOC CHIP,CKY-SANDWICH,REST'",'packsize_ps' : '0-100',"'vendor_ps' : 'BIMBO,PEPSICO,REST'","'price_tier_ps' : 'Tier2,Tier3'"
MEXICO,DTS,BISCUITS,SOUTHEAST,0.92,'consumptionclustercode' : 'Indulgence',"'segment_ps' : 'CKY-CHOC CHIP,CKY-SANDWICH,REST'",'packsize_ps' : '0-100',"'vendor_ps' : 'BIMBO,PEPSICO,REST'",'price_tier_ps' : 'Tier1'
MEXICO,DTS,BISCUITS,SOUTHEAST,0.92,'consumptionclustercode' : 'Indulgence',"'segment_ps' : 'CKY-CHOC CHIP,CKY-SANDWICH,REST'",'packsize_ps' : '0-100',"'vendor_ps' : 'CUETARA,DONDE,MONDELEZ,OTHER VENDOR'","'price_tier_ps' : 'Tier5,Tier4'"
MEXICO,DTS,BISCUITS,SOUTHEAST,0.92,'consumptionclustercode' : 'Indulgence',"'segment_ps' : 'CKY-CHOC CHIP,CKY-SANDWICH,REST'",'packsize_ps' : '0-100',"'vendor_ps' : 'CUETARA,DONDE,MONDELEZ,OTHER VENDOR'","'price_tier_ps' : 'Tier3,Tier1'"
MEXICO,DTS,BISCUITS,SOUTHEAST,0.92,'consumptionclustercode' : 'Indulgence',"'segment_ps' : 'CKY-FRUIT,CKY-MARSHMLW,CKY-WAFER'",'packsize_ps' : '0-100',"'segment_brand_ps' : 'REST,CREMAX'","'price_tier_ps' : 'Tier5,Tier1'"
MEXICO,DTS,BISCUITS,SOUTHEAST,0.92,'consumptionclustercode' : 'Indulgence',"'segment_ps' : 'CKY-FRUIT,CKY-MARSHMLW,CKY-WAFER'",'packsize_ps' : '0-100',"'segment_brand_ps' : 'REST,CREMAX'",'price_tier_ps' : 'Tier4'
MEXICO,DTS,BISCUITS,SOUTHEAST,0.92,'consumptionclustercode' : 'Indulgence',"'segment_ps' : 'CKY-FRUIT,CKY-MARSHMLW,CKY-WAFER'",'packsize_ps' : '0-100','segment_brand_ps' : 'BARRITAS MARINELA','' : ''
MEXICO,DTS,BISCUITS,SOUTHEAST,0.92,'consumptionclustercode' : 'Indulgence',"'segment_ps' : 'CKY-FRUIT,CKY-MARSHMLW,CKY-WAFER'","'packsize_ps' : '140+,100-140'","'vendor_ps' : 'BIMBO,DONDE'","'price_tier_ps' : 'Tier3,Tier4'"
MEXICO,DTS,BISCUITS,SOUTHEAST,0.92,'consumptionclustercode' : 'Indulgence',"'segment_ps' : 'CKY-FRUIT,CKY-MARSHMLW,CKY-WAFER'","'packsize_ps' : '140+,100-140'","'vendor_ps' : 'BIMBO,DONDE'","'price_tier_ps' : 'Tier2,Tier5,Tier1'"
MEXICO,DTS,BISCUITS,SOUTHEAST,0.92,'consumptionclustercode' : 'Indulgence',"'segment_ps' : 'CKY-FRUIT,CKY-MARSHMLW,CKY-WAFER'","'packsize_ps' : '140+,100-140'","'vendor_ps' : 'PEPSICO,REST'",'price_tier_ps' : 'Tier2'
MEXICO,DTS,BISCUITS,SOUTHEAST,0.92,'consumptionclustercode' : 'Indulgence',"'segment_ps' : 'CKY-FRUIT,CKY-MARSHMLW,CKY-WAFER'","'packsize_ps' : '140+,100-140'","'vendor_ps' : 'PEPSICO,REST'",'price_tier_ps' : 'Tier3'
MEXICO,DTS,BISCUITS,SOUTHEAST,0.92,'consumptionclustercode' : 'Indulgence',"'segment_ps' : 'CKY-FRUIT,CKY-MARSHMLW,CKY-WAFER'","'packsize_ps' : '140+,100-140'","'vendor_ps' : 'PEPSICO,REST'",'price_tier_ps' : 'Tier1'
MEXICO,DTS,BISCUITS,VALLE DE MEX,0.91,'consumptionclustercode' : 'Indulgence',"'segment_ps' : 'CKY-CHOC CHIP,CKY-SANDWICH,REST'",'packsize_ps' : '0-100',"'flavor_ps' : 'Dairy,Plain,Spices & Herbs'",'segment_brand_ps' : 'REST'
MEXICO,DTS,BISCUITS,VALLE DE MEX,0.91,'consumptionclustercode' : 'Indulgence',"'segment_ps' : 'CKY-CHOC CHIP,CKY-SANDWICH,REST'",'packsize_ps' : '0-100',"'flavor_ps' : 'Dairy,Plain,Spices & Herbs'",'segment_brand_ps' : 'MARINELA PRINCIPE REGULAR'
MEXICO,DTS,BISCUITS,VALLE DE MEX,0.91,'consumptionclustercode' : 'Indulgence',"'segment_ps' : 'CKY-CHOC CHIP,CKY-SANDWICH,REST'",'packsize_ps' : '0-100',"'flavor_ps' : 'Chocolate,Fruits,Nuts & Seeds,Mixed,Sweet & Dessert,Coffee & Tea'","'price_tier_ps' : 'Tier3,Tier4'"
MEXICO,DTS,BISCUITS,VALLE DE MEX,0.91,'consumptionclustercode' : 'Indulgence',"'segment_ps' : 'CKY-CHOC CHIP,CKY-SANDWICH,REST'",'packsize_ps' : '0-100',"'flavor_ps' : 'Chocolate,Fruits,Nuts & Seeds,Mixed,Sweet & Dessert,Coffee & Tea'","'price_tier_ps' : 'Tier5,Tier1,Tier2'"
MEXICO,DTS,BISCUITS,VALLE DE MEX,0.91,'consumptionclustercode' : 'Indulgence',"'segment_ps' : 'CKY-CHOC CHIP,CKY-SANDWICH,REST'",'packsize_ps' : '0-100','flavor_ps' : 'Grains & Cereals','' : ''
MEXICO,DTS,BISCUITS,VALLE DE MEX,0.91,'consumptionclustercode' : 'Indulgence',"'segment_ps' : 'CKY-CHOC CHIP,CKY-SANDWICH,REST'","'packsize_ps' : '100-140,140+'","'segment_brand_ps' : 'REST,MARINELA PRINCIPE REGULAR,OREO,EMPERADOR'","'flavor_ps' : 'Chocolate,Dairy,Plain,Spices & Herbs'"
MEXICO,DTS,BISCUITS,VALLE DE MEX,0.91,'consumptionclustercode' : 'Indulgence',"'segment_ps' : 'CKY-CHOC CHIP,CKY-SANDWICH,REST'","'packsize_ps' : '100-140,140+'","'segment_brand_ps' : 'REST,MARINELA PRINCIPE REGULAR,OREO,EMPERADOR'","'flavor_ps' : 'Mixed,Sweet & Dessert'"
MEXICO,DTS,BISCUITS,VALLE DE MEX,0.91,'consumptionclustercode' : 'Indulgence',"'segment_ps' : 'CKY-CHOC CHIP,CKY-SANDWICH,REST'","'packsize_ps' : '100-140,140+'","'segment_brand_ps' : 'REST,MARINELA PRINCIPE REGULAR,OREO,EMPERADOR'","'flavor_ps' : 'Nuts & Seeds,Fruits'"
MEXICO,DTS,BISCUITS,VALLE DE MEX,0.91,'consumptionclustercode' : 'Indulgence',"'segment_ps' : 'CKY-CHOC CHIP,CKY-SANDWICH,REST'","'packsize_ps' : '100-140,140+'",'segment_brand_ps' : 'CHOKIS','' : ''
MEXICO,DTS,BISCUITS,VALLE DE MEX,0.91,'consumptionclustercode' : 'Indulgence',"'segment_ps' : 'CKY-FRUIT,CKY-MARSHMLW,CKY-WAFER'","'packsize_ps' : '140+,100-140'",'segment_brand_ps' : 'REST',"'price_tier_ps' : 'Tier4,Tier5'"
MEXICO,DTS,BISCUITS,VALLE DE MEX,0.91,'consumptionclustercode' : 'Indulgence',"'segment_ps' : 'CKY-FRUIT,CKY-MARSHMLW,CKY-WAFER'","'packsize_ps' : '140+,100-140'",'segment_brand_ps' : 'REST','price_tier_ps' : 'Tier2'
MEXICO,DTS,BISCUITS,VALLE DE MEX,0.91,'consumptionclustercode' : 'Indulgence',"'segment_ps' : 'CKY-FRUIT,CKY-MARSHMLW,CKY-WAFER'","'packsize_ps' : '140+,100-140'",'segment_brand_ps' : 'REST',"'price_tier_ps' : 'Tier1,Tier3'"
MEXICO,DTS,BISCUITS,VALLE DE MEX,0.91,'consumptionclustercode' : 'Indulgence',"'segment_ps' : 'CKY-FRUIT,CKY-MARSHMLW,CKY-WAFER'","'packsize_ps' : '140+,100-140'","'segment_brand_ps' : 'BARRITAS MARINELA,CREMAX'",'price_tier_ps' : 'Tier1'
MEXICO,DTS,BISCUITS,VALLE DE MEX,0.91,'consumptionclustercode' : 'Indulgence',"'segment_ps' : 'CKY-FRUIT,CKY-MARSHMLW,CKY-WAFER'","'packsize_ps' : '140+,100-140'","'segment_brand_ps' : 'BARRITAS MARINELA,CREMAX'",'price_tier_ps' : 'Tier2'
MEXICO,DTS,BISCUITS,VALLE DE MEX,0.91,'consumptionclustercode' : 'Indulgence',"'segment_ps' : 'CKY-FRUIT,CKY-MARSHMLW,CKY-WAFER'",'packsize_ps' : '0-100',"'segment_brand_ps' : 'REST,CREMAX'","'vendor_ps' : 'REST,OTHER VENDOR'"
MEXICO,DTS,BISCUITS,VALLE DE MEX,0.91,'consumptionclustercode' : 'Indulgence',"'segment_ps' : 'CKY-FRUIT,CKY-MARSHMLW,CKY-WAFER'",'packsize_ps' : '0-100',"'segment_brand_ps' : 'REST,CREMAX'",'vendor_ps' : 'PEPSICO'
MEXICO,DTS,BISCUITS,VALLE DE MEX,0.91,'consumptionclustercode' : 'Indulgence',"'segment_ps' : 'CKY-FRUIT,CKY-MARSHMLW,CKY-WAFER'",'packsize_ps' : '0-100',"'segment_brand_ps' : 'REST,CREMAX'",'vendor_ps' : 'BIMBO'
MEXICO,DTS,BISCUITS,VALLE DE MEX,0.91,'consumptionclustercode' : 'Indulgence',"'segment_ps' : 'CKY-FRUIT,CKY-MARSHMLW,CKY-WAFER'",'packsize_ps' : '0-100','segment_brand_ps' : 'BARRITAS MARINELA','' : ''
MEXICO,DTS,BISCUITS,VALLE DE MEX,0.91,'consumptionclustercode' : 'Food',"'segment_ps' : 'CKY-MARIAS,CKY-TRAD,CRK-IN-HOME'","'packsize_ps' : '140+,0-100'","'segment_brand_ps' : 'REST,CRACKETS'","'vendor_ps' : 'PEPSICO,DONDE'"
MEXICO,DTS,BISCUITS,VALLE DE MEX,0.91,'consumptionclustercode' : 'Food',"'segment_ps' : 'CKY-MARIAS,CKY-TRAD,CRK-IN-HOME'","'packsize_ps' : '140+,0-100'","'segment_brand_ps' : 'REST,CRACKETS'","'vendor_ps' : 'BIMBO,OTHER VENDOR'"
MEXICO,DTS,BISCUITS,VALLE DE MEX,0.91,'consumptionclustercode' : 'Food',"'segment_ps' : 'CKY-MARIAS,CKY-TRAD,CRK-IN-HOME'","'packsize_ps' : '140+,0-100'","'segment_brand_ps' : 'REST,CRACKETS'","'vendor_ps' : 'CUETARA,REST'"
MEXICO,DTS,BISCUITS,VALLE DE MEX,0.91,'consumptionclustercode' : 'Food',"'segment_ps' : 'CKY-MARIAS,CKY-TRAD,CRK-IN-HOME'","'packsize_ps' : '140+,0-100'",'segment_brand_ps' : 'GAMESA MARIAS',"'flavor_ps' : 'Chocolate,Fruits'"
MEXICO,DTS,BISCUITS,VALLE DE MEX,0.91,'consumptionclustercode' : 'Food',"'segment_ps' : 'CKY-MARIAS,CKY-TRAD,CRK-IN-HOME'","'packsize_ps' : '140+,0-100'",'segment_brand_ps' : 'GAMESA MARIAS','flavor_ps' : 'Sweet & Dessert'
MEXICO,DTS,BISCUITS,VALLE DE MEX,0.91,'consumptionclustercode' : 'Food',"'segment_ps' : 'CKY-MARIAS,CKY-TRAD,CRK-IN-HOME'","'packsize_ps' : '140+,0-100'",'segment_brand_ps' : 'GAMESA MARIAS','flavor_ps' : 'Plain'
MEXICO,DTS,BISCUITS,VALLE DE MEX,0.91,'consumptionclustercode' : 'Food',"'segment_ps' : 'CKY-MARIAS,CKY-TRAD,CRK-IN-HOME'",'packsize_ps' : '100-140',"'segment_brand_ps' : 'REST,GAMESA MARIAS'","'price_tier_ps' : 'Tier5,Tier4,Tier1'"
MEXICO,DTS,BISCUITS,VALLE DE MEX,0.91,'consumptionclustercode' : 'Food',"'segment_ps' : 'CKY-MARIAS,CKY-TRAD,CRK-IN-HOME'",'packsize_ps' : '100-140',"'segment_brand_ps' : 'REST,GAMESA MARIAS'",'price_tier_ps' : 'Tier3'
MEXICO,DTS,BISCUITS,VALLE DE MEX,0.91,'consumptionclustercode' : 'Food',"'segment_ps' : 'CKY-MARIAS,CKY-TRAD,CRK-IN-HOME'",'packsize_ps' : '100-140','segment_brand_ps' : 'CRACKETS','' : ''
MEXICO,DTS,BISCUITS,VALLE DE MEX,0.91,'consumptionclustercode' : 'Food',"'segment_ps' : 'CKY-OTHER,REST,CRK-SALTINE'","'packsize_ps' : '0-100,100-140'","'segment_brand_ps' : 'REST,GAMESA SALADITAS'","'price_tier_ps' : 'Tier5,Tier4'"
MEXICO,DTS,BISCUITS,VALLE DE MEX,0.91,'consumptionclustercode' : 'Food',"'segment_ps' : 'CKY-OTHER,REST,CRK-SALTINE'","'packsize_ps' : '0-100,100-140'","'segment_brand_ps' : 'REST,GAMESA SALADITAS'","'price_tier_ps' : 'Tier3,Tier1,Tier2'"
MEXICO,DTS,BISCUITS,VALLE DE MEX,0.91,'consumptionclustercode' : 'Food',"'segment_ps' : 'CKY-OTHER,REST,CRK-SALTINE'","'packsize_ps' : '0-100,100-140'",'segment_brand_ps' : 'OTHER OTHER BISCUITS BRAND','price_tier_ps' : 'Tier2'
MEXICO,DTS,BISCUITS,VALLE DE MEX,0.91,'consumptionclustercode' : 'Food',"'segment_ps' : 'CKY-OTHER,REST,CRK-SALTINE'","'packsize_ps' : '0-100,100-140'",'segment_brand_ps' : 'OTHER OTHER BISCUITS BRAND','price_tier_ps' : 'Tier5'
MEXICO,DTS,BISCUITS,VALLE DE MEX,0.91,'consumptionclustercode' : 'Food',"'segment_ps' : 'CKY-OTHER,REST,CRK-SALTINE'",'packsize_ps' : '140+','segment_brand_ps' : 'GAMESA SALADITAS','' : ''
MEXICO,DTS,BISCUITS,VALLE DE MEX,0.91,'consumptionclustercode' : 'Food',"'segment_ps' : 'CKY-OTHER,REST,CRK-SALTINE'",'packsize_ps' : '140+','segment_brand_ps' : 'REST','price_tier_ps' : 'Tier3'
MEXICO,DTS,BISCUITS,VALLE DE MEX,0.91,'consumptionclustercode' : 'Food',"'segment_ps' : 'CKY-OTHER,REST,CRK-SALTINE'",'packsize_ps' : '140+','segment_brand_ps' : 'REST',"'price_tier_ps' : 'Tier1,Tier5,Tier4,Tier2'"
MEXICO,DTS,BISCUITS,VALLE DE MEX,0.91,'consumptionclustercode' : 'Food',"'segment_ps' : 'CKY-OTHER,REST,CRK-SALTINE'",'packsize_ps' : '140+','segment_brand_ps' : 'OTHER OTHER BISCUITS BRAND','' : ''
MEXICO,DTS,BISCUITS,WEST,0.94,"'segment_ps' : 'CKY-MARIAS,CKY-OTHER,REST,CRK-IN-HOME,CRK-SALTINE,CKY-CHOC CHIP'",'consumptionclustercode' : 'Indulgence',"'packsize_ps' : '100-140,140+'",'segment_brand_ps' : 'CHOKIS','' : ''
MEXICO,DTS,BISCUITS,WEST,0.94,"'segment_ps' : 'CKY-MARIAS,CKY-OTHER,REST,CRK-IN-HOME,CRK-SALTINE,CKY-CHOC CHIP'",'consumptionclustercode' : 'Indulgence',"'packsize_ps' : '100-140,140+'",'segment_brand_ps' : 'REST',"'price_tier_ps' : 'Tier4,Tier1,Tier2,Tier3'"
MEXICO,DTS,BISCUITS,WEST,0.94,"'segment_ps' : 'CKY-MARIAS,CKY-OTHER,REST,CRK-IN-HOME,CRK-SALTINE,CKY-CHOC CHIP'",'consumptionclustercode' : 'Indulgence',"'packsize_ps' : '100-140,140+'",'segment_brand_ps' : 'REST','price_tier_ps' : 'Tier5'
MEXICO,DTS,BISCUITS,WEST,0.94,"'segment_ps' : 'CKY-MARIAS,CKY-OTHER,REST,CRK-IN-HOME,CRK-SALTINE,CKY-CHOC CHIP'",'consumptionclustercode' : 'Indulgence','packsize_ps' : '0-100','segment_brand_ps' : 'REST',"'price_tier_ps' : 'Tier3,Tier4'"
MEXICO,DTS,BISCUITS,WEST,0.94,"'segment_ps' : 'CKY-MARIAS,CKY-OTHER,REST,CRK-IN-HOME,CRK-SALTINE,CKY-CHOC CHIP'",'consumptionclustercode' : 'Indulgence','packsize_ps' : '0-100','segment_brand_ps' : 'REST','price_tier_ps' : 'Tier1'
MEXICO,DTS,BISCUITS,WEST,0.94,"'segment_ps' : 'CKY-MARIAS,CKY-OTHER,REST,CRK-IN-HOME,CRK-SALTINE,CKY-CHOC CHIP'",'consumptionclustercode' : 'Indulgence','packsize_ps' : '0-100','segment_brand_ps' : 'REST',"'price_tier_ps' : 'Tier5,Tier2'"
MEXICO,DTS,BISCUITS,WEST,0.94,"'segment_ps' : 'CKY-MARIAS,CKY-OTHER,REST,CRK-IN-HOME,CRK-SALTINE,CKY-CHOC CHIP'",'consumptionclustercode' : 'Food','packsize_ps' : '140+',"'segment_brand_ps' : 'GAMESA MARIAS,OTHER OTHER BISCUITS BRAND,REST,GAMESA SALADITAS'","'price_tier_ps' : 'Tier5,Tier4,Tier3'"
MEXICO,DTS,BISCUITS,WEST,0.94,"'segment_ps' : 'CKY-MARIAS,CKY-OTHER,REST,CRK-IN-HOME,CRK-SALTINE,CKY-CHOC CHIP'",'consumptionclustercode' : 'Food','packsize_ps' : '140+',"'segment_brand_ps' : 'GAMESA MARIAS,OTHER OTHER BISCUITS BRAND,REST,GAMESA SALADITAS'","'price_tier_ps' : 'Tier1,Tier2'"
MEXICO,DTS,BISCUITS,WEST,0.94,"'segment_ps' : 'CKY-MARIAS,CKY-OTHER,REST,CRK-IN-HOME,CRK-SALTINE,CKY-CHOC CHIP'",'consumptionclustercode' : 'Food','packsize_ps' : '140+','segment_brand_ps' : 'CRACKETS','' : ''
MEXICO,DTS,BISCUITS,WEST,0.94,"'segment_ps' : 'CKY-MARIAS,CKY-OTHER,REST,CRK-IN-HOME,CRK-SALTINE,CKY-CHOC CHIP'",'consumptionclustercode' : 'Food',"'packsize_ps' : '100-140,0-100'","'segment_brand_ps' : 'OTHER OTHER BISCUITS BRAND,GAMESA SALADITAS'",'price_tier_ps' : 'Tier4'
MEXICO,DTS,BISCUITS,WEST,0.94,"'segment_ps' : 'CKY-MARIAS,CKY-OTHER,REST,CRK-IN-HOME,CRK-SALTINE,CKY-CHOC CHIP'",'consumptionclustercode' : 'Food',"'packsize_ps' : '100-140,0-100'","'segment_brand_ps' : 'OTHER OTHER BISCUITS BRAND,GAMESA SALADITAS'",'price_tier_ps' : 'Tier5'
MEXICO,DTS,BISCUITS,WEST,0.94,"'segment_ps' : 'CKY-MARIAS,CKY-OTHER,REST,CRK-IN-HOME,CRK-SALTINE,CKY-CHOC CHIP'",'consumptionclustercode' : 'Food',"'packsize_ps' : '100-140,0-100'","'segment_brand_ps' : 'OTHER OTHER BISCUITS BRAND,GAMESA SALADITAS'",'price_tier_ps' : 'Tier2'
MEXICO,DTS,BISCUITS,WEST,0.94,"'segment_ps' : 'CKY-MARIAS,CKY-OTHER,REST,CRK-IN-HOME,CRK-SALTINE,CKY-CHOC CHIP'",'consumptionclustercode' : 'Food',"'packsize_ps' : '100-140,0-100'","'segment_brand_ps' : 'REST,GAMESA MARIAS,CRACKETS'","'price_tier_ps' : 'Tier5,Tier3,Tier2'"
MEXICO,DTS,BISCUITS,WEST,0.94,"'segment_ps' : 'CKY-MARIAS,CKY-OTHER,REST,CRK-IN-HOME,CRK-SALTINE,CKY-CHOC CHIP'",'consumptionclustercode' : 'Food',"'packsize_ps' : '100-140,0-100'","'segment_brand_ps' : 'REST,GAMESA MARIAS,CRACKETS'","'price_tier_ps' : 'Tier4,Tier1'"
MEXICO,DTS,BISCUITS,WEST,0.94,"'segment_ps' : 'CKY-TRAD,CKY-FRUIT,CKY-MARSHMLW,CKY-SANDWICH,CKY-WAFER'",'consumptionclustercode' : 'Indulgence','packsize_ps' : '140+',"'segment_brand_ps' : 'REST,OREO'",'flavor_ps' : 'Nuts & Seeds'
MEXICO,DTS,BISCUITS,WEST,0.94,"'segment_ps' : 'CKY-TRAD,CKY-FRUIT,CKY-MARSHMLW,CKY-SANDWICH,CKY-WAFER'",'consumptionclustercode' : 'Indulgence','packsize_ps' : '140+',"'segment_brand_ps' : 'REST,OREO'","'flavor_ps' : 'Fruits,Chocolate,Mixed'"
MEXICO,DTS,BISCUITS,WEST,0.94,"'segment_ps' : 'CKY-TRAD,CKY-FRUIT,CKY-MARSHMLW,CKY-SANDWICH,CKY-WAFER'",'consumptionclustercode' : 'Indulgence','packsize_ps' : '140+',"'segment_brand_ps' : 'REST,OREO'","'flavor_ps' : 'Sweet & Dessert,Coffee & Tea'"
MEXICO,DTS,BISCUITS,WEST,0.94,"'segment_ps' : 'CKY-TRAD,CKY-FRUIT,CKY-MARSHMLW,CKY-SANDWICH,CKY-WAFER'",'consumptionclustercode' : 'Indulgence','packsize_ps' : '140+',"'segment_brand_ps' : 'BARRITAS MARINELA,MARINELA PRINCIPE REGULAR,EMPERADOR'",'price_tier_ps' : 'Tier3'
MEXICO,DTS,BISCUITS,WEST,0.94,"'segment_ps' : 'CKY-TRAD,CKY-FRUIT,CKY-MARSHMLW,CKY-SANDWICH,CKY-WAFER'",'consumptionclustercode' : 'Indulgence','packsize_ps' : '140+',"'segment_brand_ps' : 'BARRITAS MARINELA,MARINELA PRINCIPE REGULAR,EMPERADOR'","'price_tier_ps' : 'Tier2,Tier1'"
MEXICO,DTS,BISCUITS,WEST,0.94,"'segment_ps' : 'CKY-TRAD,CKY-FRUIT,CKY-MARSHMLW,CKY-SANDWICH,CKY-WAFER'",'consumptionclustercode' : 'Indulgence',"'packsize_ps' : '100-140,0-100'","'segment_brand_ps' : 'REST,EMPERADOR,CREMAX'","'price_tier_ps' : 'Tier5,Tier4,Tier3,Tier1'"
MEXICO,DTS,BISCUITS,WEST,0.94,"'segment_ps' : 'CKY-TRAD,CKY-FRUIT,CKY-MARSHMLW,CKY-SANDWICH,CKY-WAFER'",'consumptionclustercode' : 'Indulgence',"'packsize_ps' : '100-140,0-100'","'segment_brand_ps' : 'REST,EMPERADOR,CREMAX'",'price_tier_ps' : 'Tier2'
MEXICO,DTS,BISCUITS,WEST,0.94,"'segment_ps' : 'CKY-TRAD,CKY-FRUIT,CKY-MARSHMLW,CKY-SANDWICH,CKY-WAFER'",'consumptionclustercode' : 'Indulgence',"'packsize_ps' : '100-140,0-100'","'segment_brand_ps' : 'BARRITAS MARINELA,MARINELA PRINCIPE REGULAR,OREO'","'price_tier_ps' : 'Tier1,Tier5,Tier4'"
MEXICO,DTS,BISCUITS,WEST,0.94,"'segment_ps' : 'CKY-TRAD,CKY-FRUIT,CKY-MARSHMLW,CKY-SANDWICH,CKY-WAFER'",'consumptionclustercode' : 'Indulgence',"'packsize_ps' : '100-140,0-100'","'segment_brand_ps' : 'BARRITAS MARINELA,MARINELA PRINCIPE REGULAR,OREO'",'price_tier_ps' : 'Tier3'
MEXICO,DTS,BISCUITS,WEST,0.94,"'segment_ps' : 'CKY-TRAD,CKY-FRUIT,CKY-MARSHMLW,CKY-SANDWICH,CKY-WAFER'",'consumptionclustercode' : 'Food',"'packsize_ps' : '100-140,140+'","'vendor_ps' : 'BIMBO,OTHER VENDOR'","'flavor_ps' : 'Nuts & Seeds,Sweet & Dessert'"
MEXICO,DTS,BISCUITS,WEST,0.94,"'segment_ps' : 'CKY-TRAD,CKY-FRUIT,CKY-MARSHMLW,CKY-SANDWICH,CKY-WAFER'",'consumptionclustercode' : 'Food',"'packsize_ps' : '100-140,140+'","'vendor_ps' : 'BIMBO,OTHER VENDOR'","'flavor_ps' : 'Spices & Herbs,Fruits'"
MEXICO,DTS,BISCUITS,WEST,0.94,"'segment_ps' : 'CKY-TRAD,CKY-FRUIT,CKY-MARSHMLW,CKY-SANDWICH,CKY-WAFER'",'consumptionclustercode' : 'Food','packsize_ps' : '0-100',"'vendor_ps' : 'BIMBO,DONDE'","'price_tier_ps' : 'Tier5,Tier3'"
MEXICO,DTS,BISCUITS,WEST,0.94,"'segment_ps' : 'CKY-TRAD,CKY-FRUIT,CKY-MARSHMLW,CKY-SANDWICH,CKY-WAFER'",'consumptionclustercode' : 'Food','packsize_ps' : '0-100',"'vendor_ps' : 'BIMBO,DONDE'","'price_tier_ps' : 'Tier1,Tier2,Tier4'"
MEXICO,DTS,BISCUITS,WEST,0.94,"'segment_ps' : 'CKY-TRAD,CKY-FRUIT,CKY-MARSHMLW,CKY-SANDWICH,CKY-WAFER'",'consumptionclustercode' : 'Food','packsize_ps' : '0-100',"'vendor_ps' : 'CUETARA,OTHER VENDOR,PEPSICO,REST'","'price_tier_ps' : 'Tier3,Tier5,Tier1'"
MEXICO,DTS,BISCUITS,WEST,0.94,"'segment_ps' : 'CKY-TRAD,CKY-FRUIT,CKY-MARSHMLW,CKY-SANDWICH,CKY-WAFER'",'consumptionclustercode' : 'Food','packsize_ps' : '0-100',"'vendor_ps' : 'CUETARA,OTHER VENDOR,PEPSICO,REST'","'price_tier_ps' : 'Tier4,Tier2'"
MEXICO,DTS,SAVORY,WEST,0.94,'packtype_ps' : 'SinglePack',"'segment_ps' : 'SAV-CORN,SAV-EXTRUDED,SAV-POTATO,SAV-SALTY MIX,SAV-TORTILLA'",'packsize_ps' : '70+',"'segment_brand_ps' : 'BARCEL CHIPS,PAKETAXO,DORITOS'","'price_tier_ps' : 'Tier1,Tier3,Tier4'"
MEXICO,DTS,SAVORY,WEST,0.94,'packtype_ps' : 'SinglePack',"'segment_ps' : 'SAV-CORN,SAV-EXTRUDED,SAV-POTATO,SAV-SALTY MIX,SAV-TORTILLA'",'packsize_ps' : '70+',"'segment_brand_ps' : 'BARCEL CHIPS,PAKETAXO,DORITOS'","'price_tier_ps' : 'Tier2,Tier5'"
MEXICO,DTS,SAVORY,WEST,0.94,'packtype_ps' : 'SinglePack',"'segment_ps' : 'SAV-CORN,SAV-EXTRUDED,SAV-POTATO,SAV-SALTY MIX,SAV-TORTILLA'",'packsize_ps' : '70+',"'segment_brand_ps' : 'REST,CHEETOS FRIED,RUFFLES,SABRITAS PC'","'vendor_ps' : 'BIMBO,OTHER VENDOR,PEPSICO,REST'"
MEXICO,DTS,SAVORY,WEST,0.94,'packtype_ps' : 'SinglePack',"'segment_ps' : 'SAV-CORN,SAV-EXTRUDED,SAV-POTATO,SAV-SALTY MIX,SAV-TORTILLA'",'packsize_ps' : '70+',"'segment_brand_ps' : 'REST,CHEETOS FRIED,RUFFLES,SABRITAS PC'",'vendor_ps' : 'BOTANAS SOL'
MEXICO,DTS,SAVORY,WEST,0.94,'packtype_ps' : 'SinglePack',"'segment_ps' : 'SAV-CORN,SAV-EXTRUDED,SAV-POTATO,SAV-SALTY MIX,SAV-TORTILLA'",'packsize_ps' : '70+',"'segment_brand_ps' : 'REST,CHEETOS FRIED,RUFFLES,SABRITAS PC'",'vendor_ps' : 'BYDSA'
MEXICO,DTS,SAVORY,WEST,0.94,'packtype_ps' : 'SinglePack',"'segment_ps' : 'SAV-CORN,SAV-EXTRUDED,SAV-POTATO,SAV-SALTY MIX,SAV-TORTILLA'",'packsize_ps' : '0-70',"'segment_brand_ps' : 'REST,RUFFLES,SABRITAS PC,DORITOS'","'price_tier_ps' : 'Tier3,Tier2,Tier4,Tier1'"
MEXICO,DTS,SAVORY,WEST,0.94,'packtype_ps' : 'SinglePack',"'segment_ps' : 'SAV-CORN,SAV-EXTRUDED,SAV-POTATO,SAV-SALTY MIX,SAV-TORTILLA'",'packsize_ps' : '0-70',"'segment_brand_ps' : 'REST,RUFFLES,SABRITAS PC,DORITOS'",'price_tier_ps' : 'Tier5'
MEXICO,DTS,SAVORY,WEST,0.94,'packtype_ps' : 'SinglePack',"'segment_ps' : 'SAV-CORN,SAV-EXTRUDED,SAV-POTATO,SAV-SALTY MIX,SAV-TORTILLA'",'packsize_ps' : '0-70',"'segment_brand_ps' : 'CHEETOS FRIED,BARCEL CHIPS,PAKETAXO'","'price_tier_ps' : 'Tier4,Tier5'"
MEXICO,DTS,SAVORY,WEST,0.94,'packtype_ps' : 'SinglePack',"'segment_ps' : 'SAV-CORN,SAV-EXTRUDED,SAV-POTATO,SAV-SALTY MIX,SAV-TORTILLA'",'packsize_ps' : '0-70',"'segment_brand_ps' : 'CHEETOS FRIED,BARCEL CHIPS,PAKETAXO'","'price_tier_ps' : 'Tier3,Tier1'"
MEXICO,DTS,SAVORY,WEST,0.94,'packtype_ps' : 'SinglePack',"'segment_ps' : 'SAV-NUTS,REST,SAV-OTHER'",'packsize_ps' : '0-70','segment_brand_ps' : 'OTHER LABEL SAVORY NUTS','' : ''
MEXICO,DTS,SAVORY,WEST,0.94,'packtype_ps' : 'SinglePack',"'segment_ps' : 'SAV-NUTS,REST,SAV-OTHER'",'packsize_ps' : '0-70',"'segment_brand_ps' : 'REST,OTHER OTHER SAVORY BRAND'","'vendor_ps' : 'OTHER VENDOR,REST'"
MEXICO,DTS,SAVORY,WEST,0.94,'packtype_ps' : 'SinglePack',"'segment_ps' : 'SAV-NUTS,REST,SAV-OTHER'",'packsize_ps' : '0-70',"'segment_brand_ps' : 'REST,OTHER OTHER SAVORY BRAND'","'vendor_ps' : 'BIMBO,PEPSICO'"
MEXICO,DTS,SAVORY,WEST,0.94,'packtype_ps' : 'SinglePack',"'segment_ps' : 'SAV-NUTS,REST,SAV-OTHER'",'packsize_ps' : '0-70',"'segment_brand_ps' : 'REST,OTHER OTHER SAVORY BRAND'",'vendor_ps' : 'BYDSA'
MEXICO,DTS,SAVORY,WEST,0.94,'packtype_ps' : 'SinglePack',"'segment_ps' : 'SAV-NUTS,REST,SAV-OTHER'",'packsize_ps' : '70+','segment_brand_ps' : 'OTHER LABEL SAVORY NUTS','' : ''
MEXICO,DTS,SAVORY,WEST,0.94,'packtype_ps' : 'SinglePack',"'segment_ps' : 'SAV-NUTS,REST,SAV-OTHER'",'packsize_ps' : '70+',"'segment_brand_ps' : 'REST,OTHER OTHER SAVORY BRAND'","'price_tier_ps' : 'Tier2,Tier1'"
MEXICO,DTS,SAVORY,WEST,0.94,'packtype_ps' : 'SinglePack',"'segment_ps' : 'SAV-NUTS,REST,SAV-OTHER'",'packsize_ps' : '70+',"'segment_brand_ps' : 'REST,OTHER OTHER SAVORY BRAND'","'price_tier_ps' : 'Tier3,Tier4'"
MEXICO,DTS,SAVORY,WEST,0.94,'packtype_ps' : 'SinglePack',"'segment_ps' : 'SAV-NUTS,REST,SAV-OTHER'",'packsize_ps' : '70+',"'segment_brand_ps' : 'REST,OTHER OTHER SAVORY BRAND'",'price_tier_ps' : 'Tier5'
MEXICO,SMKT,BISCUITS,CENTRAL,0.94,'consumptionclustercode' : 'Food','segment_ps' : 'CKY-OTHER',"'packsize_ps' : '200+,70-200'",'vendor_ps' : 'CONTROLLED LABEL',"'price_tier_ps' : 'Tier1,Tier4'"
MEXICO,SMKT,BISCUITS,CENTRAL,0.94,'consumptionclustercode' : 'Food','segment_ps' : 'CKY-OTHER',"'packsize_ps' : '200+,70-200'",'vendor_ps' : 'CONTROLLED LABEL','price_tier_ps' : 'Tier5'
MEXICO,SMKT,BISCUITS,CENTRAL,0.94,'consumptionclustercode' : 'Food','segment_ps' : 'CKY-OTHER',"'packsize_ps' : '200+,70-200'",'vendor_ps' : 'OTHER VENDOR','price_tier_ps' : 'Tier5'
MEXICO,SMKT,BISCUITS,CENTRAL,0.94,'consumptionclustercode' : 'Food','segment_ps' : 'CKY-OTHER',"'packsize_ps' : '200+,70-200'",'vendor_ps' : 'OTHER VENDOR','price_tier_ps' : 'Tier1'
MEXICO,SMKT,BISCUITS,CENTRAL,0.94,'consumptionclustercode' : 'Food','segment_ps' : 'CKY-OTHER','packsize_ps' : '0-70',"'vendor_ps' : 'CUETARA,OTHER VENDOR'","'price_tier_ps' : 'Tier4,Tier1'"
MEXICO,SMKT,BISCUITS,CENTRAL,0.94,'consumptionclustercode' : 'Food','segment_ps' : 'CKY-OTHER','packsize_ps' : '0-70',"'vendor_ps' : 'CUETARA,OTHER VENDOR'",'price_tier_ps' : 'Tier5'
MEXICO,SMKT,BISCUITS,CENTRAL,0.94,'consumptionclustercode' : 'Food','segment_ps' : 'CKY-OTHER','packsize_ps' : '0-70','vendor_ps' : 'CONTROLLED LABEL','flavor_ps' : 'Fruits'
MEXICO,SMKT,BISCUITS,CENTRAL,0.94,'consumptionclustercode' : 'Food','segment_ps' : 'CKY-OTHER','packsize_ps' : '0-70','vendor_ps' : 'CONTROLLED LABEL',"'flavor_ps' : 'Chocolate,Mixed'"
MEXICO,SMKT,BISCUITS,CENTRAL,0.94,'consumptionclustercode' : 'Food','segment_ps' : 'CKY-OTHER','packsize_ps' : '0-70','vendor_ps' : 'CONTROLLED LABEL','flavor_ps' : 'Grains & Cereals'
MEXICO,SMKT,BISCUITS,CENTRAL,0.94,'consumptionclustercode' : 'Food',"'segment_ps' : 'CKY-MARIAS,CKY-TRAD,REST,CRK-SALTINE'","'packsize_ps' : '200+,70-200'","'segment_brand_ps' : 'GAMESA MARIAS,GAMESA SALADITAS'","'price_tier_ps' : 'Tier5,Tier2'"
MEXICO,SMKT,BISCUITS,CENTRAL,0.94,'consumptionclustercode' : 'Food',"'segment_ps' : 'CKY-MARIAS,CKY-TRAD,REST,CRK-SALTINE'","'packsize_ps' : '200+,70-200'","'segment_brand_ps' : 'GAMESA MARIAS,GAMESA SALADITAS'",'price_tier_ps' : 'Tier1'
MEXICO,SMKT,BISCUITS,CENTRAL,0.94,'consumptionclustercode' : 'Food',"'segment_ps' : 'CKY-MARIAS,CKY-TRAD,REST,CRK-SALTINE'","'packsize_ps' : '200+,70-200'","'segment_brand_ps' : 'GAMESA MARIAS,GAMESA SALADITAS'",'price_tier_ps' : 'Tier4'
MEXICO,SMKT,BISCUITS,CENTRAL,0.94,'consumptionclustercode' : 'Food',"'segment_ps' : 'CKY-MARIAS,CKY-TRAD,REST,CRK-SALTINE'","'packsize_ps' : '200+,70-200'",'segment_brand_ps' : 'REST',"'price_tier_ps' : 'Tier1,Tier3,Tier2,Tier4'"
MEXICO,SMKT,BISCUITS,CENTRAL,0.94,'consumptionclustercode' : 'Food',"'segment_ps' : 'CKY-MARIAS,CKY-TRAD,REST,CRK-SALTINE'","'packsize_ps' : '200+,70-200'",'segment_brand_ps' : 'REST','price_tier_ps' : 'Tier5'
MEXICO,SMKT,BISCUITS,CENTRAL,0.94,'consumptionclustercode' : 'Food',"'segment_ps' : 'CKY-MARIAS,CKY-TRAD,REST,CRK-SALTINE'",'packsize_ps' : '0-70','segment_brand_ps' : 'GAMESA MARIAS','' : ''
MEXICO,SMKT,BISCUITS,CENTRAL,0.94,'consumptionclustercode' : 'Food',"'segment_ps' : 'CKY-MARIAS,CKY-TRAD,REST,CRK-SALTINE'",'packsize_ps' : '0-70','segment_brand_ps' : 'REST',"'price_tier_ps' : 'Tier5,Tier1'"
MEXICO,SMKT,BISCUITS,CENTRAL,0.94,'consumptionclustercode' : 'Food',"'segment_ps' : 'CKY-MARIAS,CKY-TRAD,REST,CRK-SALTINE'",'packsize_ps' : '0-70','segment_brand_ps' : 'REST','price_tier_ps' : 'Tier2'
MEXICO,SMKT,SAVORY,CENTRAL,0.97,'packtype_ps' : 'SinglePack',"'segment_ps' : 'SAV-EXTRUDED,SAV-POTATO,SAV-TORTILLA'",'packsize_ps' : '0-120',"'segment_brand_ps' : 'REST,OTHER POTATO BRAND,TOSTITOS'","'vendor_ps' : 'OTHER VENDOR,PRIVATE LABEL'"
MEXICO,SMKT,SAVORY,CENTRAL,0.97,'packtype_ps' : 'SinglePack',"'segment_ps' : 'SAV-EXTRUDED,SAV-POTATO,SAV-TORTILLA'",'packsize_ps' : '0-120',"'segment_brand_ps' : 'REST,OTHER POTATO BRAND,TOSTITOS'","'vendor_ps' : 'PEPSICO,BIMBO,REST'"
MEXICO,SMKT,SAVORY,CENTRAL,0.97,'packtype_ps' : 'SinglePack',"'segment_ps' : 'SAV-EXTRUDED,SAV-POTATO,SAV-TORTILLA'",'packsize_ps' : '0-120',"'segment_brand_ps' : 'CHEETOS FRIED,RUFFLES,SABRITAS PC,DORITOS'","'price_tier_ps' : 'Tier5,Tier3'"
MEXICO,SMKT,SAVORY,CENTRAL,0.97,'packtype_ps' : 'SinglePack',"'segment_ps' : 'SAV-EXTRUDED,SAV-POTATO,SAV-TORTILLA'",'packsize_ps' : '0-120',"'segment_brand_ps' : 'CHEETOS FRIED,RUFFLES,SABRITAS PC,DORITOS'","'price_tier_ps' : 'Tier4,Tier1'"
MEXICO,SMKT,SAVORY,CENTRAL,0.97,'packtype_ps' : 'SinglePack',"'segment_ps' : 'SAV-EXTRUDED,SAV-POTATO,SAV-TORTILLA'",'packsize_ps' : '120+',"'segment_brand_ps' : 'CHEETOS FRIED,RUFFLES,SABRITAS PC,DORITOS'","'price_tier_ps' : 'Tier5,Tier2'"
MEXICO,SMKT,SAVORY,CENTRAL,0.97,'packtype_ps' : 'SinglePack',"'segment_ps' : 'SAV-EXTRUDED,SAV-POTATO,SAV-TORTILLA'",'packsize_ps' : '120+',"'segment_brand_ps' : 'CHEETOS FRIED,RUFFLES,SABRITAS PC,DORITOS'","'price_tier_ps' : 'Tier1,Tier3'"
MEXICO,SMKT,SAVORY,CENTRAL,0.97,'packtype_ps' : 'SinglePack',"'segment_ps' : 'SAV-EXTRUDED,SAV-POTATO,SAV-TORTILLA'",'packsize_ps' : '120+',"'segment_brand_ps' : 'REST,OTHER POTATO BRAND,TOSTITOS'","'price_tier_ps' : 'Tier1,Tier4'"
MEXICO,SMKT,SAVORY,CENTRAL,0.97,'packtype_ps' : 'SinglePack',"'segment_ps' : 'SAV-EXTRUDED,SAV-POTATO,SAV-TORTILLA'",'packsize_ps' : '120+',"'segment_brand_ps' : 'REST,OTHER POTATO BRAND,TOSTITOS'","'price_tier_ps' : 'Tier2,Tier3,Tier5'"
MEXICO,SMKT,SAVORY,CENTRAL,0.97,'packtype_ps' : 'SinglePack',"'segment_ps' : 'SAV-NUTS,REST,SAV-CORN,SAV-SALTY MIX'",'packsize_ps' : '0-120',"'segment_brand_ps' : 'REST,PAKETAXO'","'price_tier_ps' : 'Tier5,Tier4,Tier3'"
MEXICO,SMKT,SAVORY,CENTRAL,0.97,'packtype_ps' : 'SinglePack',"'segment_ps' : 'SAV-NUTS,REST,SAV-CORN,SAV-SALTY MIX'",'packsize_ps' : '0-120',"'segment_brand_ps' : 'REST,PAKETAXO'","'price_tier_ps' : 'Tier1,Tier2'"
MEXICO,SMKT,SAVORY,CENTRAL,0.97,'packtype_ps' : 'SinglePack',"'segment_ps' : 'SAV-NUTS,REST,SAV-CORN,SAV-SALTY MIX'",'packsize_ps' : '120+',"'segment_brand_ps' : 'REST,OTHER LABEL SAVORY NUTS'","'price_tier_ps' : 'Tier5,Tier4,Tier3'"
MEXICO,SMKT,SAVORY,CENTRAL,0.97,'packtype_ps' : 'SinglePack',"'segment_ps' : 'SAV-NUTS,REST,SAV-CORN,SAV-SALTY MIX'",'packsize_ps' : '120+',"'segment_brand_ps' : 'REST,OTHER LABEL SAVORY NUTS'","'price_tier_ps' : 'Tier1,Tier2'"
MEXICO,SMKT,SAVORY,CENTRAL,0.97,'packtype_ps' : 'SinglePack',"'segment_ps' : 'SAV-NUTS,REST,SAV-CORN,SAV-SALTY MIX'",'packsize_ps' : '120+','segment_brand_ps' : 'PAKETAXO','' : ''
MEXICO,SMKT,BISCUITS,NORTH,0.9,'consumptionclustercode' : 'Indulgence',"'segment_ps' : 'CKY-FRUIT,CKY-SANDWICH,REST'",'packsize_ps' : '70-200',"'segment_brand_ps' : 'BARRITAS MARINELA,REST,OREO'","'price_tier_ps' : 'Tier5,Tier1,Tier3'"
MEXICO,SMKT,BISCUITS,NORTH,0.9,'consumptionclustercode' : 'Indulgence',"'segment_ps' : 'CKY-FRUIT,CKY-SANDWICH,REST'",'packsize_ps' : '70-200',"'segment_brand_ps' : 'BARRITAS MARINELA,REST,OREO'",'price_tier_ps' : 'Tier4'
MEXICO,SMKT,BISCUITS,NORTH,0.9,'consumptionclustercode' : 'Indulgence',"'segment_ps' : 'CKY-FRUIT,CKY-SANDWICH,REST'",'packsize_ps' : '70-200',"'segment_brand_ps' : 'BARRITAS MARINELA,REST,OREO'",'price_tier_ps' : 'Tier2'
MEXICO,SMKT,BISCUITS,NORTH,0.9,'consumptionclustercode' : 'Indulgence',"'segment_ps' : 'CKY-FRUIT,CKY-SANDWICH,REST'",'packsize_ps' : '70-200',"'segment_brand_ps' : 'MARINELA PRINCIPE REGULAR,EMPERADOR'","'price_tier_ps' : 'Tier3,Tier4,Tier1'"
MEXICO,SMKT,BISCUITS,NORTH,0.9,'consumptionclustercode' : 'Indulgence',"'segment_ps' : 'CKY-FRUIT,CKY-SANDWICH,REST'",'packsize_ps' : '70-200',"'segment_brand_ps' : 'MARINELA PRINCIPE REGULAR,EMPERADOR'","'price_tier_ps' : 'Tier5,Tier2'"
MEXICO,SMKT,BISCUITS,NORTH,0.9,'consumptionclustercode' : 'Indulgence',"'segment_ps' : 'CKY-FRUIT,CKY-SANDWICH,REST'",'packsize_ps' : '0-70',"'segment_brand_ps' : 'REST,OREO,EMPERADOR'","'price_tier_ps' : 'Tier1,Tier3'"
MEXICO,SMKT,BISCUITS,NORTH,0.9,'consumptionclustercode' : 'Indulgence',"'segment_ps' : 'CKY-FRUIT,CKY-SANDWICH,REST'",'packsize_ps' : '0-70',"'segment_brand_ps' : 'REST,OREO,EMPERADOR'","'price_tier_ps' : 'Tier5,Tier4,Tier2'"
MEXICO,SMKT,BISCUITS,NORTH,0.9,'consumptionclustercode' : 'Indulgence',"'segment_ps' : 'CKY-FRUIT,CKY-SANDWICH,REST'",'packsize_ps' : '0-70','segment_brand_ps' : 'MARINELA PRINCIPE REGULAR','' : ''
MEXICO,SMKT,BISCUITS,NORTH,0.9,'consumptionclustercode' : 'Indulgence',"'segment_ps' : 'CKY-FRUIT,CKY-SANDWICH,REST'",'packsize_ps' : '200+',"'segment_brand_ps' : 'REST,OREO,EMPERADOR,BARRITAS MARINELA'","'price_tier_ps' : 'Tier1,Tier3'"
MEXICO,SMKT,BISCUITS,NORTH,0.9,'consumptionclustercode' : 'Indulgence',"'segment_ps' : 'CKY-FRUIT,CKY-SANDWICH,REST'",'packsize_ps' : '200+',"'segment_brand_ps' : 'REST,OREO,EMPERADOR,BARRITAS MARINELA'","'price_tier_ps' : 'Tier4,Tier5,Tier2'"
MEXICO,SMKT,BISCUITS,NORTH,0.9,'consumptionclustercode' : 'Indulgence',"'segment_ps' : 'CKY-FRUIT,CKY-SANDWICH,REST'",'packsize_ps' : '200+','segment_brand_ps' : 'MARINELA PRINCIPE REGULAR','' : ''
MEXICO,SMKT,BISCUITS,NORTH,0.9,'consumptionclustercode' : 'Food',"'segment_ps' : 'CKY-OTHER,REST'","'packsize_ps' : '0-70,70-200'","'flavor_ps' : 'Mixed,Nuts & Seeds,Plain,Savory & Vegetable'",'price_tier_ps' : 'Tier2'
MEXICO,SMKT,BISCUITS,NORTH,0.9,'consumptionclustercode' : 'Food',"'segment_ps' : 'CKY-OTHER,REST'","'packsize_ps' : '0-70,70-200'","'flavor_ps' : 'Mixed,Nuts & Seeds,Plain,Savory & Vegetable'","'price_tier_ps' : 'Tier4,Tier5,Tier1,Tier3'"
MEXICO,SMKT,BISCUITS,NORTH,0.9,'consumptionclustercode' : 'Food',"'segment_ps' : 'CKY-OTHER,REST'","'packsize_ps' : '0-70,70-200'","'flavor_ps' : 'Chocolate,Fruits,Dairy'",'price_tier_ps' : 'Tier2'
MEXICO,SMKT,BISCUITS,NORTH,0.9,'consumptionclustercode' : 'Food',"'segment_ps' : 'CKY-OTHER,REST'","'packsize_ps' : '0-70,70-200'","'flavor_ps' : 'Chocolate,Fruits,Dairy'","'price_tier_ps' : 'Tier4,Tier5,Tier1'"
MEXICO,SMKT,BISCUITS,NORTH,0.9,'consumptionclustercode' : 'Food',"'segment_ps' : 'CKY-OTHER,REST'","'packsize_ps' : '0-70,70-200'","'flavor_ps' : 'Grains & Cereals,Spices & Herbs,Sweet & Dessert'",'price_tier_ps' : 'Tier2'
MEXICO,SMKT,BISCUITS,NORTH,0.9,'consumptionclustercode' : 'Food',"'segment_ps' : 'CKY-OTHER,REST'","'packsize_ps' : '0-70,70-200'","'flavor_ps' : 'Grains & Cereals,Spices & Herbs,Sweet & Dessert'","'price_tier_ps' : 'Tier4,Tier5,Tier1,Tier3'"
MEXICO,SMKT,BISCUITS,NORTH,0.9,'consumptionclustercode' : 'Food',"'segment_ps' : 'CKY-OTHER,REST'",'packsize_ps' : '200+',"'vendor_ps' : 'PEPSICO,BIMBO,MONDELEZ'","'flavor_ps' : 'Fruits,Savory & Vegetable,Chocolate'"
MEXICO,SMKT,BISCUITS,NORTH,0.9,'consumptionclustercode' : 'Food',"'segment_ps' : 'CKY-OTHER,REST'",'packsize_ps' : '200+',"'vendor_ps' : 'PEPSICO,BIMBO,MONDELEZ'","'flavor_ps' : 'Grains & Cereals,Spices & Herbs'"
MEXICO,SMKT,BISCUITS,NORTH,0.9,'consumptionclustercode' : 'Food',"'segment_ps' : 'CKY-OTHER,REST'",'packsize_ps' : '200+',"'vendor_ps' : 'PEPSICO,BIMBO,MONDELEZ'","'flavor_ps' : 'Mixed,Plain,Dairy'"
MEXICO,SMKT,BISCUITS,NORTH,0.9,'consumptionclustercode' : 'Food',"'segment_ps' : 'CKY-OTHER,REST'",'packsize_ps' : '200+',"'vendor_ps' : 'CONTROLLED LABEL,OTHER VENDOR,REST,CUETARA'","'price_tier_ps' : 'Tier4,Tier1,Tier5'"
MEXICO,SMKT,BISCUITS,NORTH,0.9,'consumptionclustercode' : 'Food',"'segment_ps' : 'CKY-OTHER,REST'",'packsize_ps' : '200+',"'vendor_ps' : 'CONTROLLED LABEL,OTHER VENDOR,REST,CUETARA'",'price_tier_ps' : 'Tier3'
MEXICO,SMKT,BISCUITS,NORTH,0.9,'consumptionclustercode' : 'Food',"'segment_ps' : 'CKY-MARIAS,CKY-TRAD,CRK-SALTINE'",'packsize_ps' : '0-70',"'segment_brand_ps' : 'GAMESA MARIAS,REST'","'vendor_ps' : 'PEPSICO,BIMBO,CUETARA'"
MEXICO,SMKT,BISCUITS,NORTH,0.9,'consumptionclustercode' : 'Food',"'segment_ps' : 'CKY-MARIAS,CKY-TRAD,CRK-SALTINE'",'packsize_ps' : '0-70',"'segment_brand_ps' : 'GAMESA MARIAS,REST'",'vendor_ps' : 'REST'
MEXICO,SMKT,BISCUITS,NORTH,0.9,'consumptionclustercode' : 'Food',"'segment_ps' : 'CKY-MARIAS,CKY-TRAD,CRK-SALTINE'",'packsize_ps' : '0-70',"'segment_brand_ps' : 'GAMESA MARIAS,REST'",'vendor_ps' : 'OTHER VENDOR'
MEXICO,SMKT,BISCUITS,NORTH,0.9,'consumptionclustercode' : 'Food',"'segment_ps' : 'CKY-MARIAS,CKY-TRAD,CRK-SALTINE'",'packsize_ps' : '0-70','segment_brand_ps' : 'GAMESA SALADITAS','' : ''
MEXICO,SMKT,BISCUITS,NORTH,0.9,'consumptionclustercode' : 'Food',"'segment_ps' : 'CKY-MARIAS,CKY-TRAD,CRK-SALTINE'","'packsize_ps' : '200+,70-200'","'segment_brand_ps' : 'GAMESA MARIAS,GAMESA SALADITAS'","'price_tier_ps' : 'Tier5,Tier4'"
MEXICO,SMKT,BISCUITS,NORTH,0.9,'consumptionclustercode' : 'Food',"'segment_ps' : 'CKY-MARIAS,CKY-TRAD,CRK-SALTINE'","'packsize_ps' : '200+,70-200'","'segment_brand_ps' : 'GAMESA MARIAS,GAMESA SALADITAS'","'price_tier_ps' : 'Tier1,Tier2'"
MEXICO,SMKT,BISCUITS,NORTH,0.9,'consumptionclustercode' : 'Food',"'segment_ps' : 'CKY-MARIAS,CKY-TRAD,CRK-SALTINE'","'packsize_ps' : '200+,70-200'",'segment_brand_ps' : 'REST',"'vendor_ps' : 'OTHER VENDOR,REST,BIMBO,PEPSICO,MONDELEZ'"
MEXICO,SMKT,BISCUITS,NORTH,0.9,'consumptionclustercode' : 'Food',"'segment_ps' : 'CKY-MARIAS,CKY-TRAD,CRK-SALTINE'","'packsize_ps' : '200+,70-200'",'segment_brand_ps' : 'REST','vendor_ps' : 'CUETARA'
MEXICO,SMKT,BISCUITS,NORTH,0.9,'consumptionclustercode' : 'Food',"'segment_ps' : 'CKY-MARIAS,CKY-TRAD,CRK-SALTINE'","'packsize_ps' : '200+,70-200'",'segment_brand_ps' : 'REST','vendor_ps' : 'DONDE'
MEXICO,SMKT,BISCUITS,NORTHWEST,0.89,"'segment_ps' : 'CKY-MARIAS,CKY-OTHER,CKY-TRAD,REST,CRK-SALTINE'",'packsize_ps' : '0-70',"'vendor_ps' : 'CONTROLLED LABEL,OTHER VENDOR,CUETARA,PEPSICO,REST'",'segment_brand_ps' : 'GAMESA SALADITAS','' : ''
MEXICO,SMKT,BISCUITS,NORTHWEST,0.89,"'segment_ps' : 'CKY-MARIAS,CKY-OTHER,CKY-TRAD,REST,CRK-SALTINE'",'packsize_ps' : '0-70',"'vendor_ps' : 'CONTROLLED LABEL,OTHER VENDOR,CUETARA,PEPSICO,REST'","'segment_brand_ps' : 'REST,GAMESA MARIAS'","'price_tier_ps' : 'Tier1,Tier5'"
MEXICO,SMKT,BISCUITS,NORTHWEST,0.89,"'segment_ps' : 'CKY-MARIAS,CKY-OTHER,CKY-TRAD,REST,CRK-SALTINE'",'packsize_ps' : '0-70',"'vendor_ps' : 'CONTROLLED LABEL,OTHER VENDOR,CUETARA,PEPSICO,REST'","'segment_brand_ps' : 'REST,GAMESA MARIAS'",'price_tier_ps' : 'Tier2'
MEXICO,SMKT,BISCUITS,NORTHWEST,0.89,"'segment_ps' : 'CKY-MARIAS,CKY-OTHER,CKY-TRAD,REST,CRK-SALTINE'",'packsize_ps' : '0-70',"'vendor_ps' : 'CONTROLLED LABEL,OTHER VENDOR,CUETARA,PEPSICO,REST'","'segment_brand_ps' : 'REST,GAMESA MARIAS'",'price_tier_ps' : 'Tier4'
MEXICO,SMKT,BISCUITS,NORTHWEST,0.89,"'segment_ps' : 'CKY-MARIAS,CKY-OTHER,CKY-TRAD,REST,CRK-SALTINE'",'packsize_ps' : '0-70',"'vendor_ps' : 'BIMBO,MONDELEZ,DONDE'","'flavor_ps' : 'Sweet & Dessert,Nuts & Seeds'",'' : ''
MEXICO,SMKT,BISCUITS,NORTHWEST,0.89,"'segment_ps' : 'CKY-MARIAS,CKY-OTHER,CKY-TRAD,REST,CRK-SALTINE'",'packsize_ps' : '0-70',"'vendor_ps' : 'BIMBO,MONDELEZ,DONDE'","'flavor_ps' : 'Spices & Herbs,Fruits'",'' : ''
MEXICO,SMKT,BISCUITS,NORTHWEST,0.89,"'segment_ps' : 'CKY-MARIAS,CKY-OTHER,CKY-TRAD,REST,CRK-SALTINE'",'packsize_ps' : '0-70',"'vendor_ps' : 'BIMBO,MONDELEZ,DONDE'","'flavor_ps' : 'Chocolate,Dairy'",'' : ''
MEXICO,SMKT,BISCUITS,NORTHWEST,0.89,"'segment_ps' : 'CKY-MARIAS,CKY-OTHER,CKY-TRAD,REST,CRK-SALTINE'","'packsize_ps' : '200+,70-200'","'vendor_ps' : 'PEPSICO,OTHER VENDOR,BIMBO,MONDELEZ,DONDE'","'segment_brand_ps' : 'GAMESA MARIAS,GAMESA SALADITAS'",'price_tier_ps' : 'Tier5'
MEXICO,SMKT,BISCUITS,NORTHWEST,0.89,"'segment_ps' : 'CKY-MARIAS,CKY-OTHER,CKY-TRAD,REST,CRK-SALTINE'","'packsize_ps' : '200+,70-200'","'vendor_ps' : 'PEPSICO,OTHER VENDOR,BIMBO,MONDELEZ,DONDE'","'segment_brand_ps' : 'GAMESA MARIAS,GAMESA SALADITAS'","'price_tier_ps' : 'Tier1,Tier4'"
MEXICO,SMKT,BISCUITS,NORTHWEST,0.89,"'segment_ps' : 'CKY-MARIAS,CKY-OTHER,CKY-TRAD,REST,CRK-SALTINE'","'packsize_ps' : '200+,70-200'","'vendor_ps' : 'PEPSICO,OTHER VENDOR,BIMBO,MONDELEZ,DONDE'","'segment_brand_ps' : 'GAMESA MARIAS,GAMESA SALADITAS'",'price_tier_ps' : 'Tier2'
MEXICO,SMKT,BISCUITS,NORTHWEST,0.89,"'segment_ps' : 'CKY-MARIAS,CKY-OTHER,CKY-TRAD,REST,CRK-SALTINE'","'packsize_ps' : '200+,70-200'","'vendor_ps' : 'PEPSICO,OTHER VENDOR,BIMBO,MONDELEZ,DONDE'",'segment_brand_ps' : 'REST',"'flavor_ps' : 'Grains & Cereals,Mixed,Nuts & Seeds,Sweet & Dessert,Spices & Herbs,Fruits,Plain,Dairy,Savory & Vegetable,Chocolate'"
MEXICO,SMKT,BISCUITS,NORTHWEST,0.89,"'segment_ps' : 'CKY-MARIAS,CKY-OTHER,CKY-TRAD,REST,CRK-SALTINE'","'packsize_ps' : '200+,70-200'","'vendor_ps' : 'PEPSICO,OTHER VENDOR,BIMBO,MONDELEZ,DONDE'",'segment_brand_ps' : 'REST','flavor_ps' : 'Coffee & Tea'
MEXICO,SMKT,BISCUITS,NORTHWEST,0.89,"'segment_ps' : 'CKY-MARIAS,CKY-OTHER,CKY-TRAD,REST,CRK-SALTINE'","'packsize_ps' : '200+,70-200'","'vendor_ps' : 'CUETARA,REST,CONTROLLED LABEL'",'flavor_ps' : 'Spices & Herbs','' : ''
MEXICO,SMKT,BISCUITS,NORTHWEST,0.89,"'segment_ps' : 'CKY-MARIAS,CKY-OTHER,CKY-TRAD,REST,CRK-SALTINE'","'packsize_ps' : '200+,70-200'","'vendor_ps' : 'CUETARA,REST,CONTROLLED LABEL'","'flavor_ps' : 'Plain,Fruits,Chocolate,Mixed,Nuts & Seeds,Sweet & Dessert,Grains & Cereals'","'price_tier_ps' : 'Tier1,Tier5,Tier4'"
MEXICO,SMKT,BISCUITS,NORTHWEST,0.89,"'segment_ps' : 'CKY-MARIAS,CKY-OTHER,CKY-TRAD,REST,CRK-SALTINE'","'packsize_ps' : '200+,70-200'","'vendor_ps' : 'CUETARA,REST,CONTROLLED LABEL'","'flavor_ps' : 'Plain,Fruits,Chocolate,Mixed,Nuts & Seeds,Sweet & Dessert,Grains & Cereals'",'price_tier_ps' : 'Tier3'
MEXICO,SMKT,BISCUITS,NORTHWEST,0.89,"'segment_ps' : 'CKY-MARIAS,CKY-OTHER,CKY-TRAD,REST,CRK-SALTINE'","'packsize_ps' : '200+,70-200'","'vendor_ps' : 'CUETARA,REST,CONTROLLED LABEL'","'flavor_ps' : 'Plain,Fruits,Chocolate,Mixed,Nuts & Seeds,Sweet & Dessert,Grains & Cereals'",'price_tier_ps' : 'Tier2'
MEXICO,SMKT,BISCUITS,NORTHWEST,0.89,"'segment_ps' : 'CKY-CHOC CHIP,CKY-FRUIT,CKY-SANDWICH'",'packsize_ps' : '0-70',"'vendor_ps' : 'BIMBO,PEPSICO,CUETARA,MONDELEZ'",'segment_brand_ps' : 'EMPERADOR','price_tier_ps' : 'Tier5'
MEXICO,SMKT,BISCUITS,NORTHWEST,0.89,"'segment_ps' : 'CKY-CHOC CHIP,CKY-FRUIT,CKY-SANDWICH'",'packsize_ps' : '0-70',"'vendor_ps' : 'BIMBO,PEPSICO,CUETARA,MONDELEZ'",'segment_brand_ps' : 'EMPERADOR','price_tier_ps' : 'Tier1'
MEXICO,SMKT,BISCUITS,NORTHWEST,0.89,"'segment_ps' : 'CKY-CHOC CHIP,CKY-FRUIT,CKY-SANDWICH'",'packsize_ps' : '0-70',"'vendor_ps' : 'BIMBO,PEPSICO,CUETARA,MONDELEZ'","'segment_brand_ps' : 'REST,CHOKIS,OREO'","'price_tier_ps' : 'Tier5,Tier4'"
MEXICO,SMKT,BISCUITS,NORTHWEST,0.89,"'segment_ps' : 'CKY-CHOC CHIP,CKY-FRUIT,CKY-SANDWICH'",'packsize_ps' : '0-70',"'vendor_ps' : 'BIMBO,PEPSICO,CUETARA,MONDELEZ'","'segment_brand_ps' : 'REST,CHOKIS,OREO'",'price_tier_ps' : 'Tier3'
MEXICO,SMKT,BISCUITS,NORTHWEST,0.89,"'segment_ps' : 'CKY-CHOC CHIP,CKY-FRUIT,CKY-SANDWICH'",'packsize_ps' : '0-70',"'vendor_ps' : 'BIMBO,PEPSICO,CUETARA,MONDELEZ'","'segment_brand_ps' : 'REST,CHOKIS,OREO'",'price_tier_ps' : 'Tier1'
MEXICO,SMKT,BISCUITS,NORTHWEST,0.89,"'segment_ps' : 'CKY-CHOC CHIP,CKY-FRUIT,CKY-SANDWICH'","'packsize_ps' : '70-200,200+'","'vendor_ps' : 'BIMBO,OTHER VENDOR,MONDELEZ,REST'","'segment_brand_ps' : 'REST,BARRITAS MARINELA'","'price_tier_ps' : 'Tier5,Tier2'"
MEXICO,SMKT,BISCUITS,NORTHWEST,0.89,"'segment_ps' : 'CKY-CHOC CHIP,CKY-FRUIT,CKY-SANDWICH'","'packsize_ps' : '70-200,200+'","'vendor_ps' : 'BIMBO,OTHER VENDOR,MONDELEZ,REST'","'segment_brand_ps' : 'REST,BARRITAS MARINELA'","'price_tier_ps' : 'Tier1,Tier4,Tier3'"
MEXICO,SMKT,BISCUITS,NORTHWEST,0.89,"'segment_ps' : 'CKY-CHOC CHIP,CKY-FRUIT,CKY-SANDWICH'","'packsize_ps' : '70-200,200+'","'vendor_ps' : 'BIMBO,OTHER VENDOR,MONDELEZ,REST'",'segment_brand_ps' : 'OREO',"'price_tier_ps' : 'Tier4,Tier1,Tier2'"
MEXICO,SMKT,BISCUITS,NORTHWEST,0.89,"'segment_ps' : 'CKY-CHOC CHIP,CKY-FRUIT,CKY-SANDWICH'","'packsize_ps' : '70-200,200+'","'vendor_ps' : 'BIMBO,OTHER VENDOR,MONDELEZ,REST'",'segment_brand_ps' : 'OREO','price_tier_ps' : 'Tier5'
MEXICO,SMKT,BISCUITS,NORTHWEST,0.89,"'segment_ps' : 'CKY-CHOC CHIP,CKY-FRUIT,CKY-SANDWICH'","'packsize_ps' : '70-200,200+'","'vendor_ps' : 'PEPSICO,CUETARA'",'segment_brand_ps' : 'EMPERADOR','price_tier_ps' : 'Tier5'
MEXICO,SMKT,BISCUITS,NORTHWEST,0.89,"'segment_ps' : 'CKY-CHOC CHIP,CKY-FRUIT,CKY-SANDWICH'","'packsize_ps' : '70-200,200+'","'vendor_ps' : 'PEPSICO,CUETARA'",'segment_brand_ps' : 'EMPERADOR',"'price_tier_ps' : 'Tier1,Tier2'"
MEXICO,SMKT,BISCUITS,NORTHWEST,0.89,"'segment_ps' : 'CKY-CHOC CHIP,CKY-FRUIT,CKY-SANDWICH'","'packsize_ps' : '70-200,200+'","'vendor_ps' : 'PEPSICO,CUETARA'","'segment_brand_ps' : 'CHOKIS,REST'",'price_tier_ps' : 'Tier5'
MEXICO,SMKT,BISCUITS,NORTHWEST,0.89,"'segment_ps' : 'CKY-CHOC CHIP,CKY-FRUIT,CKY-SANDWICH'","'packsize_ps' : '70-200,200+'","'vendor_ps' : 'PEPSICO,CUETARA'","'segment_brand_ps' : 'CHOKIS,REST'","'price_tier_ps' : 'Tier1,Tier3'"
MEXICO,SMKT,SAVORY,NORTHWEST,0.93,'packtype_ps' : 'SinglePack',"'segment_ps' : 'SAV-NUTS,SAV-CORN'",'packsize_ps' : '0-120','segment_brand_ps' : 'OTHER LABEL SAVORY NUTS','' : ''
MEXICO,SMKT,SAVORY,NORTHWEST,0.93,'packtype_ps' : 'SinglePack',"'segment_ps' : 'SAV-NUTS,SAV-CORN'",'packsize_ps' : '0-120','segment_brand_ps' : 'REST',"'vendor_ps' : 'BIMBO,REST,PRIVATE LABEL'"
MEXICO,SMKT,SAVORY,NORTHWEST,0.93,'packtype_ps' : 'SinglePack',"'segment_ps' : 'SAV-NUTS,SAV-CORN'",'packsize_ps' : '0-120','segment_brand_ps' : 'REST','vendor_ps' : 'PEPSICO'
MEXICO,SMKT,SAVORY,NORTHWEST,0.93,'packtype_ps' : 'SinglePack',"'segment_ps' : 'SAV-NUTS,SAV-CORN'",'packsize_ps' : '0-120','segment_brand_ps' : 'REST','vendor_ps' : 'OTHER VENDOR'
MEXICO,SMKT,SAVORY,NORTHWEST,0.93,'packtype_ps' : 'SinglePack',"'segment_ps' : 'SAV-NUTS,SAV-CORN'",'packsize_ps' : '120+','segment_brand_ps' : 'OTHER LABEL SAVORY NUTS','' : ''
MEXICO,SMKT,SAVORY,NORTHWEST,0.93,'packtype_ps' : 'SinglePack',"'segment_ps' : 'SAV-NUTS,SAV-CORN'",'packsize_ps' : '120+','segment_brand_ps' : 'REST',"'price_tier_ps' : 'Tier1,Tier4,Tier2'"
MEXICO,SMKT,SAVORY,NORTHWEST,0.93,'packtype_ps' : 'SinglePack',"'segment_ps' : 'SAV-NUTS,SAV-CORN'",'packsize_ps' : '120+','segment_brand_ps' : 'REST','price_tier_ps' : 'Tier3'
MEXICO,SMKT,SAVORY,NORTHWEST,0.93,'packtype_ps' : 'SinglePack',"'segment_ps' : 'SAV-NUTS,SAV-CORN'",'packsize_ps' : '120+','segment_brand_ps' : 'REST','price_tier_ps' : 'Tier5'
MEXICO,SMKT,SAVORY,NORTHWEST,0.93,'packtype_ps' : 'SinglePack',"'segment_ps' : 'REST,SAV-EXTRUDED,SAV-POTATO,SAV-SALTY MIX,SAV-TORTILLA'",'packsize_ps' : '120+',"'segment_brand_ps' : 'RUFFLES,PAKETAXO,DORITOS,OTHER POTATO BRAND'","'price_tier_ps' : 'Tier2,Tier5'"
MEXICO,SMKT,SAVORY,NORTHWEST,0.93,'packtype_ps' : 'SinglePack',"'segment_ps' : 'REST,SAV-EXTRUDED,SAV-POTATO,SAV-SALTY MIX,SAV-TORTILLA'",'packsize_ps' : '120+',"'segment_brand_ps' : 'RUFFLES,PAKETAXO,DORITOS,OTHER POTATO BRAND'","'price_tier_ps' : 'Tier1,Tier3,Tier4'"
MEXICO,SMKT,SAVORY,NORTHWEST,0.93,'packtype_ps' : 'SinglePack',"'segment_ps' : 'REST,SAV-EXTRUDED,SAV-POTATO,SAV-SALTY MIX,SAV-TORTILLA'",'packsize_ps' : '120+',"'segment_brand_ps' : 'REST,CHEETOS FRIED,SABRITAS PC,TOSTITOS'","'price_tier_ps' : 'Tier3,Tier2'"
MEXICO,SMKT,SAVORY,NORTHWEST,0.93,'packtype_ps' : 'SinglePack',"'segment_ps' : 'REST,SAV-EXTRUDED,SAV-POTATO,SAV-SALTY MIX,SAV-TORTILLA'",'packsize_ps' : '120+',"'segment_brand_ps' : 'REST,CHEETOS FRIED,SABRITAS PC,TOSTITOS'","'price_tier_ps' : 'Tier1,Tier4'"
MEXICO,SMKT,SAVORY,NORTHWEST,0.93,'packtype_ps' : 'SinglePack',"'segment_ps' : 'REST,SAV-EXTRUDED,SAV-POTATO,SAV-SALTY MIX,SAV-TORTILLA'",'packsize_ps' : '120+',"'segment_brand_ps' : 'REST,CHEETOS FRIED,SABRITAS PC,TOSTITOS'",'price_tier_ps' : 'Tier5'
MEXICO,SMKT,SAVORY,NORTHWEST,0.93,'packtype_ps' : 'SinglePack',"'segment_ps' : 'REST,SAV-EXTRUDED,SAV-POTATO,SAV-SALTY MIX,SAV-TORTILLA'",'packsize_ps' : '0-120',"'segment_brand_ps' : 'REST,PAKETAXO,TOSTITOS,OTHER POTATO BRAND'","'price_tier_ps' : 'Tier5,Tier1,Tier2,Tier4'"
MEXICO,SMKT,SAVORY,NORTHWEST,0.93,'packtype_ps' : 'SinglePack',"'segment_ps' : 'REST,SAV-EXTRUDED,SAV-POTATO,SAV-SALTY MIX,SAV-TORTILLA'",'packsize_ps' : '0-120',"'segment_brand_ps' : 'REST,PAKETAXO,TOSTITOS,OTHER POTATO BRAND'",'price_tier_ps' : 'Tier3'
MEXICO,SMKT,SAVORY,NORTHWEST,0.93,'packtype_ps' : 'SinglePack',"'segment_ps' : 'REST,SAV-EXTRUDED,SAV-POTATO,SAV-SALTY MIX,SAV-TORTILLA'",'packsize_ps' : '0-120',"'segment_brand_ps' : 'CHEETOS FRIED,RUFFLES,SABRITAS PC,DORITOS'","'price_tier_ps' : 'Tier5,Tier1'"
MEXICO,SMKT,SAVORY,NORTHWEST,0.93,'packtype_ps' : 'SinglePack',"'segment_ps' : 'REST,SAV-EXTRUDED,SAV-POTATO,SAV-SALTY MIX,SAV-TORTILLA'",'packsize_ps' : '0-120',"'segment_brand_ps' : 'CHEETOS FRIED,RUFFLES,SABRITAS PC,DORITOS'",'price_tier_ps' : 'Tier4'
MEXICO,SMKT,SAVORY,NORTHWEST,0.93,'packtype_ps' : 'SinglePack',"'segment_ps' : 'REST,SAV-EXTRUDED,SAV-POTATO,SAV-SALTY MIX,SAV-TORTILLA'",'packsize_ps' : '0-120',"'segment_brand_ps' : 'CHEETOS FRIED,RUFFLES,SABRITAS PC,DORITOS'",'price_tier_ps' : 'Tier3'
MEXICO,SMKT,BISCUITS,SOUTHEAST,0.9,'consumptionclustercode' : 'Indulgence','segment_ps' : 'REST','packsize_ps' : '0-70',"'vendor_ps' : 'PEPSICO,CUETARA'","'flavor_ps' : 'Sweet & Dessert,Fruits'"
MEXICO,SMKT,BISCUITS,SOUTHEAST,0.9,'consumptionclustercode' : 'Indulgence','segment_ps' : 'REST','packsize_ps' : '0-70',"'vendor_ps' : 'PEPSICO,CUETARA'",'flavor_ps' : 'Chocolate'
MEXICO,SMKT,BISCUITS,SOUTHEAST,0.9,'consumptionclustercode' : 'Indulgence','segment_ps' : 'REST','packsize_ps' : '0-70',"'vendor_ps' : 'OTHER VENDOR,REST'",'price_tier_ps' : 'Tier5'
MEXICO,SMKT,BISCUITS,SOUTHEAST,0.9,'consumptionclustercode' : 'Indulgence','segment_ps' : 'REST','packsize_ps' : '0-70',"'vendor_ps' : 'OTHER VENDOR,REST'",'price_tier_ps' : 'Tier2'
MEXICO,SMKT,BISCUITS,SOUTHEAST,0.9,'consumptionclustercode' : 'Indulgence','segment_ps' : 'REST','packsize_ps' : '0-70','vendor_ps' : 'BIMBO','price_tier_ps' : 'Tier5'
MEXICO,SMKT,BISCUITS,SOUTHEAST,0.9,'consumptionclustercode' : 'Indulgence','segment_ps' : 'REST','packsize_ps' : '0-70','vendor_ps' : 'BIMBO','price_tier_ps' : 'Tier1'
MEXICO,SMKT,BISCUITS,SOUTHEAST,0.9,'consumptionclustercode' : 'Indulgence','segment_ps' : 'REST',"'packsize_ps' : '200+,70-200'","'vendor_ps' : 'REST,OTHER VENDOR'","'price_tier_ps' : 'Tier2,Tier3'"
MEXICO,SMKT,BISCUITS,SOUTHEAST,0.9,'consumptionclustercode' : 'Indulgence','segment_ps' : 'REST',"'packsize_ps' : '200+,70-200'","'vendor_ps' : 'REST,OTHER VENDOR'",'price_tier_ps' : 'Tier5'
MEXICO,SMKT,BISCUITS,SOUTHEAST,0.9,'consumptionclustercode' : 'Indulgence','segment_ps' : 'REST',"'packsize_ps' : '200+,70-200'","'vendor_ps' : 'REST,OTHER VENDOR'",'price_tier_ps' : 'Tier1'
MEXICO,SMKT,BISCUITS,SOUTHEAST,0.9,'consumptionclustercode' : 'Indulgence','segment_ps' : 'REST',"'packsize_ps' : '200+,70-200'","'vendor_ps' : 'PEPSICO,BIMBO,CUETARA,DONDE'","'price_tier_ps' : 'Tier5,Tier2'"
MEXICO,SMKT,BISCUITS,SOUTHEAST,0.9,'consumptionclustercode' : 'Indulgence','segment_ps' : 'REST',"'packsize_ps' : '200+,70-200'","'vendor_ps' : 'PEPSICO,BIMBO,CUETARA,DONDE'","'price_tier_ps' : 'Tier1,Tier3'"
MEXICO,SMKT,BISCUITS,SOUTHEAST,0.9,'consumptionclustercode' : 'Indulgence','segment_ps' : 'REST',"'packsize_ps' : '200+,70-200'","'vendor_ps' : 'PEPSICO,BIMBO,CUETARA,DONDE'",'price_tier_ps' : 'Tier4'
MEXICO,SMKT,BISCUITS,SOUTHEAST,0.9,'consumptionclustercode' : 'Food',"'segment_ps' : 'CKY-OTHER,REST,CRK-SALTINE'",'packsize_ps' : '70-200','segment_brand_ps' : 'REST',"'price_tier_ps' : 'Tier4,Tier1,Tier2'"
MEXICO,SMKT,BISCUITS,SOUTHEAST,0.9,'consumptionclustercode' : 'Food',"'segment_ps' : 'CKY-OTHER,REST,CRK-SALTINE'",'packsize_ps' : '70-200','segment_brand_ps' : 'REST','price_tier_ps' : 'Tier3'
MEXICO,SMKT,BISCUITS,SOUTHEAST,0.9,'consumptionclustercode' : 'Food',"'segment_ps' : 'CKY-OTHER,REST,CRK-SALTINE'",'packsize_ps' : '70-200','segment_brand_ps' : 'REST','price_tier_ps' : 'Tier5'
MEXICO,SMKT,BISCUITS,SOUTHEAST,0.9,'consumptionclustercode' : 'Food',"'segment_ps' : 'CKY-OTHER,REST,CRK-SALTINE'","'packsize_ps' : '0-70,200+'",'segment_brand_ps' : 'GAMESA SALADITAS','' : ''
MEXICO,SMKT,BISCUITS,SOUTHEAST,0.9,'consumptionclustercode' : 'Food',"'segment_ps' : 'CKY-OTHER,REST,CRK-SALTINE'","'packsize_ps' : '0-70,200+'",'segment_brand_ps' : 'REST',"'price_tier_ps' : 'Tier4,Tier1,Tier5,Tier2'"
MEXICO,SMKT,BISCUITS,SOUTHEAST,0.9,'consumptionclustercode' : 'Food',"'segment_ps' : 'CKY-OTHER,REST,CRK-SALTINE'","'packsize_ps' : '0-70,200+'",'segment_brand_ps' : 'REST','price_tier_ps' : 'Tier3'
MEXICO,SMKT,BISCUITS,SOUTHEAST,0.9,'consumptionclustercode' : 'Food',"'segment_ps' : 'CKY-MARIAS,CKY-TRAD'",'packsize_ps' : '0-70','segment_brand_ps' : 'GAMESA MARIAS','' : ''
MEXICO,SMKT,BISCUITS,SOUTHEAST,0.9,'consumptionclustercode' : 'Food',"'segment_ps' : 'CKY-MARIAS,CKY-TRAD'",'packsize_ps' : '0-70','segment_brand_ps' : 'REST',"'price_tier_ps' : 'Tier5,Tier3,Tier1'"
MEXICO,SMKT,BISCUITS,SOUTHEAST,0.9,'consumptionclustercode' : 'Food',"'segment_ps' : 'CKY-MARIAS,CKY-TRAD'",'packsize_ps' : '0-70','segment_brand_ps' : 'REST',"'price_tier_ps' : 'Tier4,Tier2'"
MEXICO,SMKT,BISCUITS,SOUTHEAST,0.9,'consumptionclustercode' : 'Food',"'segment_ps' : 'CKY-MARIAS,CKY-TRAD'","'packsize_ps' : '200+,70-200'",'segment_brand_ps' : 'GAMESA MARIAS',"'price_tier_ps' : 'Tier1,Tier4,Tier2'"
MEXICO,SMKT,BISCUITS,SOUTHEAST,0.9,'consumptionclustercode' : 'Food',"'segment_ps' : 'CKY-MARIAS,CKY-TRAD'","'packsize_ps' : '200+,70-200'",'segment_brand_ps' : 'GAMESA MARIAS','price_tier_ps' : 'Tier5'
MEXICO,SMKT,BISCUITS,SOUTHEAST,0.9,'consumptionclustercode' : 'Food',"'segment_ps' : 'CKY-MARIAS,CKY-TRAD'","'packsize_ps' : '200+,70-200'",'segment_brand_ps' : 'REST',"'price_tier_ps' : 'Tier3,Tier4'"
MEXICO,SMKT,BISCUITS,SOUTHEAST,0.9,'consumptionclustercode' : 'Food',"'segment_ps' : 'CKY-MARIAS,CKY-TRAD'","'packsize_ps' : '200+,70-200'",'segment_brand_ps' : 'REST',"'price_tier_ps' : 'Tier1,Tier5,Tier2'"
MEXICO,SMKT,BISCUITS,VALLE DE MEX,0.9,'consumptionclustercode' : 'Food',"'segment_ps' : 'CKY-MARIAS,CKY-TRAD,REST,CRK-SALTINE'","'packsize_ps' : '70-200,200+'",'segment_brand_ps' : 'REST',"'price_tier_ps' : 'Tier1,Tier2,Tier4'"
MEXICO,SMKT,BISCUITS,VALLE DE MEX,0.9,'consumptionclustercode' : 'Food',"'segment_ps' : 'CKY-MARIAS,CKY-TRAD,REST,CRK-SALTINE'","'packsize_ps' : '70-200,200+'",'segment_brand_ps' : 'REST',"'price_tier_ps' : 'Tier5,Tier3'"
MEXICO,SMKT,BISCUITS,VALLE DE MEX,0.9,'consumptionclustercode' : 'Food',"'segment_ps' : 'CKY-MARIAS,CKY-TRAD,REST,CRK-SALTINE'","'packsize_ps' : '70-200,200+'","'segment_brand_ps' : 'GAMESA MARIAS,GAMESA SALADITAS'","'price_tier_ps' : 'Tier4,Tier2'"
MEXICO,SMKT,BISCUITS,VALLE DE MEX,0.9,'consumptionclustercode' : 'Food',"'segment_ps' : 'CKY-MARIAS,CKY-TRAD,REST,CRK-SALTINE'","'packsize_ps' : '70-200,200+'","'segment_brand_ps' : 'GAMESA MARIAS,GAMESA SALADITAS'","'price_tier_ps' : 'Tier5,Tier1'"
MEXICO,SMKT,BISCUITS,VALLE DE MEX,0.9,'consumptionclustercode' : 'Food',"'segment_ps' : 'CKY-MARIAS,CKY-TRAD,REST,CRK-SALTINE'",'packsize_ps' : '0-70','segment_brand_ps' : 'REST',"'price_tier_ps' : 'Tier5,Tier1,Tier2'"
MEXICO,SMKT,BISCUITS,VALLE DE MEX,0.9,'consumptionclustercode' : 'Food',"'segment_ps' : 'CKY-MARIAS,CKY-TRAD,REST,CRK-SALTINE'",'packsize_ps' : '0-70','segment_brand_ps' : 'REST',"'price_tier_ps' : 'Tier3,Tier4'"
MEXICO,SMKT,BISCUITS,VALLE DE MEX,0.9,'consumptionclustercode' : 'Food',"'segment_ps' : 'CKY-MARIAS,CKY-TRAD,REST,CRK-SALTINE'",'packsize_ps' : '0-70','segment_brand_ps' : 'GAMESA MARIAS','' : ''
MEXICO,SMKT,BISCUITS,VALLE DE MEX,0.9,'consumptionclustercode' : 'Food','segment_ps' : 'CKY-OTHER','packsize_ps' : '0-70',"'vendor_ps' : 'CONTROLLED LABEL,CUETARA,OTHER VENDOR'","'price_tier_ps' : 'Tier1,Tier5'"
MEXICO,SMKT,BISCUITS,VALLE DE MEX,0.9,'consumptionclustercode' : 'Food','segment_ps' : 'CKY-OTHER','packsize_ps' : '0-70',"'vendor_ps' : 'CONTROLLED LABEL,CUETARA,OTHER VENDOR'",'price_tier_ps' : 'Tier4'
MEXICO,SMKT,BISCUITS,VALLE DE MEX,0.9,'consumptionclustercode' : 'Food','segment_ps' : 'CKY-OTHER',"'packsize_ps' : '200+,70-200'","'flavor_ps' : 'Dairy,Fruits,Mixed,Savory & Vegetable,Spices & Herbs,Sweet & Dessert'","'price_tier_ps' : 'Tier1,Tier4,Tier3'"
MEXICO,SMKT,BISCUITS,VALLE DE MEX,0.9,'consumptionclustercode' : 'Food','segment_ps' : 'CKY-OTHER',"'packsize_ps' : '200+,70-200'","'flavor_ps' : 'Dairy,Fruits,Mixed,Savory & Vegetable,Spices & Herbs,Sweet & Dessert'",'price_tier_ps' : 'Tier5'
MEXICO,SMKT,BISCUITS,VALLE DE MEX,0.9,'consumptionclustercode' : 'Food','segment_ps' : 'CKY-OTHER',"'packsize_ps' : '200+,70-200'",'flavor_ps' : 'Nuts & Seeds','' : ''
MEXICO,SMKT,BISCUITS,VALLE DE MEX,0.9,'consumptionclustercode' : 'Indulgence',"'segment_ps' : 'CKY-CHOC CHIP,CKY-FRUIT,CKY-SANDWICH,REST'",'packsize_ps' : '70-200',"'segment_brand_ps' : 'REST,CHOKIS,BARRITAS MARINELA,EMPERADOR'","'price_tier_ps' : 'Tier3,Tier5,Tier2'"
MEXICO,SMKT,BISCUITS,VALLE DE MEX,0.9,'consumptionclustercode' : 'Indulgence',"'segment_ps' : 'CKY-CHOC CHIP,CKY-FRUIT,CKY-SANDWICH,REST'",'packsize_ps' : '70-200',"'segment_brand_ps' : 'REST,CHOKIS,BARRITAS MARINELA,EMPERADOR'","'price_tier_ps' : 'Tier1,Tier4'"
MEXICO,SMKT,BISCUITS,VALLE DE MEX,0.9,'consumptionclustercode' : 'Indulgence',"'segment_ps' : 'CKY-CHOC CHIP,CKY-FRUIT,CKY-SANDWICH,REST'",'packsize_ps' : '70-200',"'segment_brand_ps' : 'OREO,MARINELA PRINCIPE REGULAR'","'price_tier_ps' : 'Tier4,Tier2,Tier3'"
MEXICO,SMKT,BISCUITS,VALLE DE MEX,0.9,'consumptionclustercode' : 'Indulgence',"'segment_ps' : 'CKY-CHOC CHIP,CKY-FRUIT,CKY-SANDWICH,REST'",'packsize_ps' : '70-200',"'segment_brand_ps' : 'OREO,MARINELA PRINCIPE REGULAR'",'price_tier_ps' : 'Tier5'
MEXICO,SMKT,BISCUITS,VALLE DE MEX,0.9,'consumptionclustercode' : 'Indulgence',"'segment_ps' : 'CKY-CHOC CHIP,CKY-FRUIT,CKY-SANDWICH,REST'",'packsize_ps' : '0-70',"'vendor_ps' : 'BIMBO,MONDELEZ,PEPSICO'","'price_tier_ps' : 'Tier5,Tier3'"
MEXICO,SMKT,BISCUITS,VALLE DE MEX,0.9,'consumptionclustercode' : 'Indulgence',"'segment_ps' : 'CKY-CHOC CHIP,CKY-FRUIT,CKY-SANDWICH,REST'",'packsize_ps' : '0-70',"'vendor_ps' : 'BIMBO,MONDELEZ,PEPSICO'",'price_tier_ps' : 'Tier4'
MEXICO,SMKT,BISCUITS,VALLE DE MEX,0.9,'consumptionclustercode' : 'Indulgence',"'segment_ps' : 'CKY-CHOC CHIP,CKY-FRUIT,CKY-SANDWICH,REST'",'packsize_ps' : '0-70',"'vendor_ps' : 'BIMBO,MONDELEZ,PEPSICO'",'price_tier_ps' : 'Tier1'
MEXICO,SMKT,BISCUITS,VALLE DE MEX,0.9,'consumptionclustercode' : 'Indulgence',"'segment_ps' : 'CKY-CHOC CHIP,CKY-FRUIT,CKY-SANDWICH,REST'",'packsize_ps' : '0-70',"'vendor_ps' : 'OTHER VENDOR,CUETARA,REST'","'price_tier_ps' : 'Tier5,Tier2'"
MEXICO,SMKT,BISCUITS,VALLE DE MEX,0.9,'consumptionclustercode' : 'Indulgence',"'segment_ps' : 'CKY-CHOC CHIP,CKY-FRUIT,CKY-SANDWICH,REST'",'packsize_ps' : '0-70',"'vendor_ps' : 'OTHER VENDOR,CUETARA,REST'",'price_tier_ps' : 'Tier3'
MEXICO,SMKT,BISCUITS,VALLE DE MEX,0.9,'consumptionclustercode' : 'Indulgence',"'segment_ps' : 'CKY-CHOC CHIP,CKY-FRUIT,CKY-SANDWICH,REST'",'packsize_ps' : '200+',"'flavor_ps' : 'Fruits,Nuts & Seeds,Mixed,Sweet & Dessert,Dairy,Plain'","'price_tier_ps' : 'Tier4,Tier1,Tier5,Tier2'"
MEXICO,SMKT,BISCUITS,VALLE DE MEX,0.9,'consumptionclustercode' : 'Indulgence',"'segment_ps' : 'CKY-CHOC CHIP,CKY-FRUIT,CKY-SANDWICH,REST'",'packsize_ps' : '200+',"'flavor_ps' : 'Fruits,Nuts & Seeds,Mixed,Sweet & Dessert,Dairy,Plain'",'price_tier_ps' : 'Tier3'
MEXICO,SMKT,BISCUITS,VALLE DE MEX,0.9,'consumptionclustercode' : 'Indulgence',"'segment_ps' : 'CKY-CHOC CHIP,CKY-FRUIT,CKY-SANDWICH,REST'",'packsize_ps' : '200+','flavor_ps' : 'Chocolate',"'segment_brand_ps' : 'CHOKIS,OREO,EMPERADOR'"
MEXICO,SMKT,BISCUITS,VALLE DE MEX,0.9,'consumptionclustercode' : 'Indulgence',"'segment_ps' : 'CKY-CHOC CHIP,CKY-FRUIT,CKY-SANDWICH,REST'",'packsize_ps' : '200+','flavor_ps' : 'Chocolate','segment_brand_ps' : 'MARINELA PRINCIPE REGULAR'
MEXICO,SMKT,BISCUITS,VALLE DE MEX,0.9,'consumptionclustercode' : 'Indulgence',"'segment_ps' : 'CKY-CHOC CHIP,CKY-FRUIT,CKY-SANDWICH,REST'",'packsize_ps' : '200+','flavor_ps' : 'Chocolate','segment_brand_ps' : 'REST'
MEXICO,SMKT,BISCUITS,VALLE DE MEX,0.9,'consumptionclustercode' : 'Indulgence',"'segment_ps' : 'CKY-CHOC CHIP,CKY-FRUIT,CKY-SANDWICH,REST'",'packsize_ps' : '200+','flavor_ps' : 'Spices & Herbs','' : ''
MEXICO,SMKT,BISCUITS,VALLE DE MEX,0.9,'consumptionclustercode' : 'Indulgence',"'segment_ps' : 'CKY-CHOC COVER,CKY-MARSHMLW,CKY-WAFER'",'vendor_ps' : 'DONDE','' : '','' : ''
MEXICO,SMKT,BISCUITS,VALLE DE MEX,0.9,'consumptionclustercode' : 'Indulgence',"'segment_ps' : 'CKY-CHOC COVER,CKY-MARSHMLW,CKY-WAFER'","'vendor_ps' : 'PEPSICO,REST'",'flavor_ps' : 'Chocolate',"'price_tier_ps' : 'Tier4,Tier2'"
MEXICO,SMKT,BISCUITS,VALLE DE MEX,0.9,'consumptionclustercode' : 'Indulgence',"'segment_ps' : 'CKY-CHOC COVER,CKY-MARSHMLW,CKY-WAFER'","'vendor_ps' : 'PEPSICO,REST'",'flavor_ps' : 'Chocolate','price_tier_ps' : 'Tier1'
MEXICO,SMKT,BISCUITS,VALLE DE MEX,0.9,'consumptionclustercode' : 'Indulgence',"'segment_ps' : 'CKY-CHOC COVER,CKY-MARSHMLW,CKY-WAFER'","'vendor_ps' : 'PEPSICO,REST'",'flavor_ps' : 'Chocolate','price_tier_ps' : 'Tier5'
MEXICO,SMKT,BISCUITS,VALLE DE MEX,0.9,'consumptionclustercode' : 'Indulgence',"'segment_ps' : 'CKY-CHOC COVER,CKY-MARSHMLW,CKY-WAFER'","'vendor_ps' : 'PEPSICO,REST'",'flavor_ps' : 'Fruits','' : ''
MEXICO,SMKT,SAVORY,VALLE DE MEX,0.96,'packtype_ps' : 'SinglePack',"'segment_ps' : 'SAV-NUTS,REST,SAV-SALTY MIX'",'packsize_ps' : '120+',"'segment_brand_ps' : 'REST,OTHER LABEL SAVORY NUTS'","'price_tier_ps' : 'Tier5,Tier4'"
MEXICO,SMKT,SAVORY,VALLE DE MEX,0.96,'packtype_ps' : 'SinglePack',"'segment_ps' : 'SAV-NUTS,REST,SAV-SALTY MIX'",'packsize_ps' : '120+',"'segment_brand_ps' : 'REST,OTHER LABEL SAVORY NUTS'","'price_tier_ps' : 'Tier1,Tier3,Tier2'"
MEXICO,SMKT,SAVORY,VALLE DE MEX,0.96,'packtype_ps' : 'SinglePack',"'segment_ps' : 'SAV-NUTS,REST,SAV-SALTY MIX'",'packsize_ps' : '120+','segment_brand_ps' : 'PAKETAXO','' : ''
MEXICO,SMKT,SAVORY,VALLE DE MEX,0.96,'packtype_ps' : 'SinglePack',"'segment_ps' : 'SAV-NUTS,REST,SAV-SALTY MIX'",'packsize_ps' : '0-120',"'segment_brand_ps' : 'REST,PAKETAXO'","'vendor_ps' : 'PEPSICO,BYDSA'"
MEXICO,SMKT,SAVORY,VALLE DE MEX,0.96,'packtype_ps' : 'SinglePack',"'segment_ps' : 'SAV-NUTS,REST,SAV-SALTY MIX'",'packsize_ps' : '0-120',"'segment_brand_ps' : 'REST,PAKETAXO'","'vendor_ps' : 'BIMBO,REST'"
MEXICO,SMKT,SAVORY,VALLE DE MEX,0.96,'packtype_ps' : 'SinglePack',"'segment_ps' : 'SAV-NUTS,REST,SAV-SALTY MIX'",'packsize_ps' : '0-120',"'segment_brand_ps' : 'REST,PAKETAXO'","'vendor_ps' : 'OTHER VENDOR,PRIVATE LABEL'"
MEXICO,SMKT,SAVORY,VALLE DE MEX,0.96,'packtype_ps' : 'SinglePack',"'segment_ps' : 'SAV-CORN,SAV-EXTRUDED,SAV-POTATO,SAV-TORTILLA'",'packsize_ps' : '120+',"'segment_brand_ps' : 'REST,OTHER POTATO BRAND'","'price_tier_ps' : 'Tier1,Tier2,Tier3'"
MEXICO,SMKT,SAVORY,VALLE DE MEX,0.96,'packtype_ps' : 'SinglePack',"'segment_ps' : 'SAV-CORN,SAV-EXTRUDED,SAV-POTATO,SAV-TORTILLA'",'packsize_ps' : '120+',"'segment_brand_ps' : 'REST,OTHER POTATO BRAND'","'price_tier_ps' : 'Tier5,Tier4'"
MEXICO,SMKT,SAVORY,VALLE DE MEX,0.96,'packtype_ps' : 'SinglePack',"'segment_ps' : 'SAV-CORN,SAV-EXTRUDED,SAV-POTATO,SAV-TORTILLA'",'packsize_ps' : '120+',"'segment_brand_ps' : 'CHEETOS FRIED,RUFFLES,SABRITAS PC,DORITOS,TOSTITOS'",'price_tier_ps' : 'Tier4'
MEXICO,SMKT,SAVORY,VALLE DE MEX,0.96,'packtype_ps' : 'SinglePack',"'segment_ps' : 'SAV-CORN,SAV-EXTRUDED,SAV-POTATO,SAV-TORTILLA'",'packsize_ps' : '120+',"'segment_brand_ps' : 'CHEETOS FRIED,RUFFLES,SABRITAS PC,DORITOS,TOSTITOS'","'price_tier_ps' : 'Tier1,Tier5,Tier2,Tier3'"
MEXICO,SMKT,SAVORY,VALLE DE MEX,0.96,'packtype_ps' : 'SinglePack',"'segment_ps' : 'SAV-CORN,SAV-EXTRUDED,SAV-POTATO,SAV-TORTILLA'",'packsize_ps' : '0-120',"'segment_brand_ps' : 'REST,OTHER POTATO BRAND,TOSTITOS'","'price_tier_ps' : 'Tier3,Tier2,Tier1'"
MEXICO,SMKT,SAVORY,VALLE DE MEX,0.96,'packtype_ps' : 'SinglePack',"'segment_ps' : 'SAV-CORN,SAV-EXTRUDED,SAV-POTATO,SAV-TORTILLA'",'packsize_ps' : '0-120',"'segment_brand_ps' : 'REST,OTHER POTATO BRAND,TOSTITOS'","'price_tier_ps' : 'Tier5,Tier4'"
MEXICO,SMKT,SAVORY,VALLE DE MEX,0.96,'packtype_ps' : 'SinglePack',"'segment_ps' : 'SAV-CORN,SAV-EXTRUDED,SAV-POTATO,SAV-TORTILLA'",'packsize_ps' : '0-120',"'segment_brand_ps' : 'CHEETOS FRIED,RUFFLES,SABRITAS PC,DORITOS'","'price_tier_ps' : 'Tier5,Tier1'"
MEXICO,SMKT,SAVORY,VALLE DE MEX,0.96,'packtype_ps' : 'SinglePack',"'segment_ps' : 'SAV-CORN,SAV-EXTRUDED,SAV-POTATO,SAV-TORTILLA'",'packsize_ps' : '0-120',"'segment_brand_ps' : 'CHEETOS FRIED,RUFFLES,SABRITAS PC,DORITOS'","'price_tier_ps' : 'Tier3,Tier4'"
MEXICO,CSTORE,BISCUITS,ALL,0.91,'consumptionclustercode' : 'Food',"'segment_ps' : 'CKY-MARIAS,CKY-TRAD,REST,CRK-IN-HOME'",'packsize_ps' : '0-140','segment_brand_ps' : 'REST',"'price_tier_ps' : 'Tier4,Tier3,Tier2'"
MEXICO,CSTORE,BISCUITS,ALL,0.91,'consumptionclustercode' : 'Food',"'segment_ps' : 'CKY-MARIAS,CKY-TRAD,REST,CRK-IN-HOME'",'packsize_ps' : '0-140','segment_brand_ps' : 'REST',"'price_tier_ps' : 'Tier5,Tier1'"
MEXICO,CSTORE,BISCUITS,ALL,0.91,'consumptionclustercode' : 'Food',"'segment_ps' : 'CKY-MARIAS,CKY-TRAD,REST,CRK-IN-HOME'",'packsize_ps' : '0-140',"'segment_brand_ps' : 'GAMESA MARIAS,CRACKETS'",'price_tier_ps' : 'Tier4'
MEXICO,CSTORE,BISCUITS,ALL,0.91,'consumptionclustercode' : 'Food',"'segment_ps' : 'CKY-MARIAS,CKY-TRAD,REST,CRK-IN-HOME'",'packsize_ps' : '0-140',"'segment_brand_ps' : 'GAMESA MARIAS,CRACKETS'",'price_tier_ps' : 'Tier5'
MEXICO,CSTORE,BISCUITS,ALL,0.91,'consumptionclustercode' : 'Food',"'segment_ps' : 'CKY-MARIAS,CKY-TRAD,REST,CRK-IN-HOME'",'packsize_ps' : '140+',"'segment_brand_ps' : 'GAMESA MARIAS,CRACKETS'","'price_tier_ps' : 'Tier2,Tier4'"
MEXICO,CSTORE,BISCUITS,ALL,0.91,'consumptionclustercode' : 'Food',"'segment_ps' : 'CKY-MARIAS,CKY-TRAD,REST,CRK-IN-HOME'",'packsize_ps' : '140+',"'segment_brand_ps' : 'GAMESA MARIAS,CRACKETS'","'price_tier_ps' : 'Tier1,Tier5,Tier3'"
MEXICO,CSTORE,BISCUITS,ALL,0.91,'consumptionclustercode' : 'Food',"'segment_ps' : 'CKY-MARIAS,CKY-TRAD,REST,CRK-IN-HOME'",'packsize_ps' : '140+','segment_brand_ps' : 'REST',"'price_tier_ps' : 'Tier1,Tier3,Tier4'"
MEXICO,CSTORE,BISCUITS,ALL,0.91,'consumptionclustercode' : 'Food',"'segment_ps' : 'CKY-MARIAS,CKY-TRAD,REST,CRK-IN-HOME'",'packsize_ps' : '140+','segment_brand_ps' : 'REST','price_tier_ps' : 'Tier5'
MEXICO,CSTORE,BISCUITS,ALL,0.91,'consumptionclustercode' : 'Food',"'segment_ps' : 'CKY-MARIAS,CKY-TRAD,REST,CRK-IN-HOME'",'packsize_ps' : '140+','segment_brand_ps' : 'REST','price_tier_ps' : 'Tier2'
MEXICO,CSTORE,BISCUITS,ALL,0.91,'consumptionclustercode' : 'Food','segment_ps' : 'CKY-OTHER','packsize_ps' : '140+','segment_brand_ps' : 'REST',"'price_tier_ps' : 'Tier5,Tier1'"
MEXICO,CSTORE,BISCUITS,ALL,0.91,'consumptionclustercode' : 'Food','segment_ps' : 'CKY-OTHER','packsize_ps' : '140+','segment_brand_ps' : 'REST','price_tier_ps' : 'Tier3'
MEXICO,CSTORE,BISCUITS,ALL,0.91,'consumptionclustercode' : 'Food','segment_ps' : 'CKY-OTHER','packsize_ps' : '140+',"'segment_brand_ps' : 'CONTROLLED LABEL BRAND,OTHER OTHER BISCUITS BRAND'","'price_tier_ps' : 'Tier1,Tier5'"
MEXICO,CSTORE,BISCUITS,ALL,0.91,'consumptionclustercode' : 'Food','segment_ps' : 'CKY-OTHER','packsize_ps' : '140+',"'segment_brand_ps' : 'CONTROLLED LABEL BRAND,OTHER OTHER BISCUITS BRAND'",'price_tier_ps' : 'Tier4'
MEXICO,CSTORE,BISCUITS,ALL,0.91,'consumptionclustercode' : 'Food','segment_ps' : 'CKY-OTHER','packsize_ps' : '0-140','segment_brand_ps' : 'CONTROLLED LABEL BRAND',"'flavor_ps' : 'Dairy,Chocolate,Grains & Cereals'"
MEXICO,CSTORE,BISCUITS,ALL,0.91,'consumptionclustercode' : 'Food','segment_ps' : 'CKY-OTHER','packsize_ps' : '0-140','segment_brand_ps' : 'CONTROLLED LABEL BRAND','flavor_ps' : 'Sweet & Dessert'
MEXICO,CSTORE,BISCUITS,ALL,0.91,'consumptionclustercode' : 'Food','segment_ps' : 'CKY-OTHER','packsize_ps' : '0-140',"'segment_brand_ps' : 'OTHER OTHER BISCUITS BRAND,REST'","'price_tier_ps' : 'Tier1,Tier5,Tier3'"
MEXICO,CSTORE,BISCUITS,ALL,0.91,'consumptionclustercode' : 'Food','segment_ps' : 'CKY-OTHER','packsize_ps' : '0-140',"'segment_brand_ps' : 'OTHER OTHER BISCUITS BRAND,REST'","'price_tier_ps' : 'Tier4,Tier2'"
MEXICO,CSTORE,BISCUITS,ALL,0.91,'consumptionclustercode' : 'Indulgence','segment_ps' : 'REST','packsize_ps' : '0-140',"'vendor_ps' : 'PEPSICO,OTHER VENDOR,DONDE'","'price_tier_ps' : 'Tier3,Tier2,Tier1'"
MEXICO,CSTORE,BISCUITS,ALL,0.91,'consumptionclustercode' : 'Indulgence','segment_ps' : 'REST','packsize_ps' : '0-140',"'vendor_ps' : 'PEPSICO,OTHER VENDOR,DONDE'",'price_tier_ps' : 'Tier5'
MEXICO,CSTORE,BISCUITS,ALL,0.91,'consumptionclustercode' : 'Indulgence','segment_ps' : 'REST','packsize_ps' : '0-140',"'vendor_ps' : 'PEPSICO,OTHER VENDOR,DONDE'",'price_tier_ps' : 'Tier4'
MEXICO,CSTORE,BISCUITS,ALL,0.91,'consumptionclustercode' : 'Indulgence','segment_ps' : 'REST','packsize_ps' : '0-140',"'vendor_ps' : 'BIMBO,CUETARA,REST'","'price_tier_ps' : 'Tier5,Tier1,Tier4'"
MEXICO,CSTORE,BISCUITS,ALL,0.91,'consumptionclustercode' : 'Indulgence','segment_ps' : 'REST','packsize_ps' : '0-140',"'vendor_ps' : 'BIMBO,CUETARA,REST'","'price_tier_ps' : 'Tier2,Tier3'"
MEXICO,CSTORE,BISCUITS,ALL,0.91,'consumptionclustercode' : 'Indulgence','segment_ps' : 'REST','packsize_ps' : '140+',"'vendor_ps' : 'BIMBO,REST,PEPSICO'","'price_tier_ps' : 'Tier1,Tier3,Tier5'"
MEXICO,CSTORE,BISCUITS,ALL,0.91,'consumptionclustercode' : 'Indulgence','segment_ps' : 'REST','packsize_ps' : '140+',"'vendor_ps' : 'BIMBO,REST,PEPSICO'",'price_tier_ps' : 'Tier2'
MEXICO,CSTORE,BISCUITS,ALL,0.91,'consumptionclustercode' : 'Indulgence','segment_ps' : 'REST','packsize_ps' : '140+',"'vendor_ps' : 'BIMBO,REST,PEPSICO'",'price_tier_ps' : 'Tier4'
MEXICO,CSTORE,BISCUITS,ALL,0.91,'consumptionclustercode' : 'Indulgence',"'segment_ps' : 'CKY-CHOC CHIP,CKY-FRUIT,CKY-SANDWICH,CKY-WAFER'",'packsize_ps' : '140+',"'flavor_ps' : 'Dairy,Coffee & Tea'",'' : ''
MEXICO,CSTORE,BISCUITS,ALL,0.91,'consumptionclustercode' : 'Indulgence',"'segment_ps' : 'CKY-CHOC CHIP,CKY-FRUIT,CKY-SANDWICH,CKY-WAFER'",'packsize_ps' : '140+',"'flavor_ps' : 'Fruits,Chocolate,Sweet & Dessert,Mixed,Nuts & Seeds,Grains & Cereals,Plain'","'price_tier_ps' : 'Tier3,Tier2'"
MEXICO,CSTORE,BISCUITS,ALL,0.91,'consumptionclustercode' : 'Indulgence',"'segment_ps' : 'CKY-CHOC CHIP,CKY-FRUIT,CKY-SANDWICH,CKY-WAFER'",'packsize_ps' : '140+',"'flavor_ps' : 'Fruits,Chocolate,Sweet & Dessert,Mixed,Nuts & Seeds,Grains & Cereals,Plain'","'price_tier_ps' : 'Tier4,Tier1,Tier5'"
MEXICO,CSTORE,BISCUITS,ALL,0.91,'consumptionclustercode' : 'Indulgence',"'segment_ps' : 'CKY-CHOC CHIP,CKY-FRUIT,CKY-SANDWICH,CKY-WAFER'",'packsize_ps' : '0-140',"'vendor_ps' : 'BIMBO,MONDELEZ,PEPSICO,CUETARA'","'price_tier_ps' : 'Tier1,Tier5'"
MEXICO,CSTORE,BISCUITS,ALL,0.91,'consumptionclustercode' : 'Indulgence',"'segment_ps' : 'CKY-CHOC CHIP,CKY-FRUIT,CKY-SANDWICH,CKY-WAFER'",'packsize_ps' : '0-140',"'vendor_ps' : 'BIMBO,MONDELEZ,PEPSICO,CUETARA'","'price_tier_ps' : 'Tier4,Tier3'"
MEXICO,CSTORE,BISCUITS,ALL,0.91,'consumptionclustercode' : 'Indulgence',"'segment_ps' : 'CKY-CHOC CHIP,CKY-FRUIT,CKY-SANDWICH,CKY-WAFER'",'packsize_ps' : '0-140',"'vendor_ps' : 'BIMBO,MONDELEZ,PEPSICO,CUETARA'",'price_tier_ps' : 'Tier2'
MEXICO,CSTORE,BISCUITS,ALL,0.91,'consumptionclustercode' : 'Indulgence',"'segment_ps' : 'CKY-CHOC CHIP,CKY-FRUIT,CKY-SANDWICH,CKY-WAFER'",'packsize_ps' : '0-140',"'vendor_ps' : 'REST,OTHER VENDOR'",'flavor_ps' : 'Plain'
MEXICO,CSTORE,BISCUITS,ALL,0.91,'consumptionclustercode' : 'Indulgence',"'segment_ps' : 'CKY-CHOC CHIP,CKY-FRUIT,CKY-SANDWICH,CKY-WAFER'",'packsize_ps' : '0-140',"'vendor_ps' : 'REST,OTHER VENDOR'","'flavor_ps' : 'Mixed,Chocolate,Sweet & Dessert'"
MEXICO,CSTORE,BISCUITS,ALL,0.91,'consumptionclustercode' : 'Indulgence',"'segment_ps' : 'CKY-CHOC CHIP,CKY-FRUIT,CKY-SANDWICH,CKY-WAFER'",'packsize_ps' : '0-140',"'vendor_ps' : 'REST,OTHER VENDOR'",'flavor_ps' : 'Fruits'
MEXICO,CSTORE,SAVORY,ALL,0.95,'packtype_ps' : 'SinglePack',"'segment_ps' : 'SAV-CORN,SAV-EXTRUDED,SAV-POTATO,SAV-SALTY MIX,SAV-TORTILLA'",'packsize_ps' : '90+',"'segment_brand_ps' : 'REST,BARCEL CHIPS,OTHER POTATO BRAND,SABRITAS PC,PAKETAXO'","'price_tier_ps' : 'Tier1,Tier3,Tier2'"
MEXICO,CSTORE,SAVORY,ALL,0.95,'packtype_ps' : 'SinglePack',"'segment_ps' : 'SAV-CORN,SAV-EXTRUDED,SAV-POTATO,SAV-SALTY MIX,SAV-TORTILLA'",'packsize_ps' : '90+',"'segment_brand_ps' : 'REST,BARCEL CHIPS,OTHER POTATO BRAND,SABRITAS PC,PAKETAXO'",'price_tier_ps' : 'Tier5'
MEXICO,CSTORE,SAVORY,ALL,0.95,'packtype_ps' : 'SinglePack',"'segment_ps' : 'SAV-CORN,SAV-EXTRUDED,SAV-POTATO,SAV-SALTY MIX,SAV-TORTILLA'",'packsize_ps' : '90+',"'segment_brand_ps' : 'REST,BARCEL CHIPS,OTHER POTATO BRAND,SABRITAS PC,PAKETAXO'",'price_tier_ps' : 'Tier4'
MEXICO,CSTORE,SAVORY,ALL,0.95,'packtype_ps' : 'SinglePack',"'segment_ps' : 'SAV-CORN,SAV-EXTRUDED,SAV-POTATO,SAV-SALTY MIX,SAV-TORTILLA'",'packsize_ps' : '90+',"'segment_brand_ps' : 'CHEETOS FRIED,RUFFLES,DORITOS'","'price_tier_ps' : 'Tier1,Tier2'"
MEXICO,CSTORE,SAVORY,ALL,0.95,'packtype_ps' : 'SinglePack',"'segment_ps' : 'SAV-CORN,SAV-EXTRUDED,SAV-POTATO,SAV-SALTY MIX,SAV-TORTILLA'",'packsize_ps' : '90+',"'segment_brand_ps' : 'CHEETOS FRIED,RUFFLES,DORITOS'","'price_tier_ps' : 'Tier5,Tier3'"
MEXICO,CSTORE,SAVORY,ALL,0.95,'packtype_ps' : 'SinglePack',"'segment_ps' : 'SAV-CORN,SAV-EXTRUDED,SAV-POTATO,SAV-SALTY MIX,SAV-TORTILLA'",'packsize_ps' : '0-90',"'segment_brand_ps' : 'REST,BARCEL CHIPS,OTHER POTATO BRAND'","'price_tier_ps' : 'Tier5,Tier1'"
MEXICO,CSTORE,SAVORY,ALL,0.95,'packtype_ps' : 'SinglePack',"'segment_ps' : 'SAV-CORN,SAV-EXTRUDED,SAV-POTATO,SAV-SALTY MIX,SAV-TORTILLA'",'packsize_ps' : '0-90',"'segment_brand_ps' : 'REST,BARCEL CHIPS,OTHER POTATO BRAND'","'price_tier_ps' : 'Tier4,Tier3,Tier2'"
MEXICO,CSTORE,SAVORY,ALL,0.95,'packtype_ps' : 'SinglePack',"'segment_ps' : 'SAV-CORN,SAV-EXTRUDED,SAV-POTATO,SAV-SALTY MIX,SAV-TORTILLA'",'packsize_ps' : '0-90',"'segment_brand_ps' : 'CHEETOS FRIED,RUFFLES,SABRITAS PC,PAKETAXO,DORITOS'","'price_tier_ps' : 'Tier1,Tier4,Tier2,Tier3'"
MEXICO,CSTORE,SAVORY,ALL,0.95,'packtype_ps' : 'SinglePack',"'segment_ps' : 'SAV-CORN,SAV-EXTRUDED,SAV-POTATO,SAV-SALTY MIX,SAV-TORTILLA'",'packsize_ps' : '0-90',"'segment_brand_ps' : 'CHEETOS FRIED,RUFFLES,SABRITAS PC,PAKETAXO,DORITOS'",'price_tier_ps' : 'Tier5'
MEXICO,CSTORE,SAVORY,ALL,0.95,'packtype_ps' : 'SinglePack',"'segment_ps' : 'SAV-NUTS,REST'",'packsize_ps' : '90+','segment_brand_ps' : 'REST',"'price_tier_ps' : 'Tier5,Tier1,Tier3'"
MEXICO,CSTORE,SAVORY,ALL,0.95,'packtype_ps' : 'SinglePack',"'segment_ps' : 'SAV-NUTS,REST'",'packsize_ps' : '90+','segment_brand_ps' : 'REST',"'price_tier_ps' : 'Tier4,Tier2'"
MEXICO,CSTORE,SAVORY,ALL,0.95,'packtype_ps' : 'SinglePack',"'segment_ps' : 'SAV-NUTS,REST'",'packsize_ps' : '90+','segment_brand_ps' : 'OTHER NUTS BRAND',"'price_tier_ps' : 'Tier4,Tier5'"
MEXICO,CSTORE,SAVORY,ALL,0.95,'packtype_ps' : 'SinglePack',"'segment_ps' : 'SAV-NUTS,REST'",'packsize_ps' : '90+','segment_brand_ps' : 'OTHER NUTS BRAND','price_tier_ps' : 'Tier1'
MEXICO,CSTORE,SAVORY,ALL,0.95,'packtype_ps' : 'SinglePack',"'segment_ps' : 'SAV-NUTS,REST'",'packsize_ps' : '0-90','segment_brand_ps' : 'REST',"'price_tier_ps' : 'Tier1,Tier5'"
MEXICO,CSTORE,SAVORY,ALL,0.95,'packtype_ps' : 'SinglePack',"'segment_ps' : 'SAV-NUTS,REST'",'packsize_ps' : '0-90','segment_brand_ps' : 'REST',"'price_tier_ps' : 'Tier4,Tier3,Tier2'"
MEXICO,DTS,BISCUITS,ALL,0.92,'consumptionclustercode' : 'Food',"'segment_ps' : 'CKY-MARIAS,CKY-TRAD,CRK-IN-HOME'","'packsize_ps' : '140+,0-100'","'segment_brand_ps' : 'REST,GAMESA MARIAS'","'price_tier_ps' : 'Tier3,Tier1,Tier4,Tier2'"
MEXICO,DTS,BISCUITS,ALL,0.92,'consumptionclustercode' : 'Food',"'segment_ps' : 'CKY-MARIAS,CKY-TRAD,CRK-IN-HOME'","'packsize_ps' : '140+,0-100'","'segment_brand_ps' : 'REST,GAMESA MARIAS'",'price_tier_ps' : 'Tier5'
MEXICO,DTS,BISCUITS,ALL,0.92,'consumptionclustercode' : 'Food',"'segment_ps' : 'CKY-MARIAS,CKY-TRAD,CRK-IN-HOME'",'packsize_ps' : '100-140',"'segment_brand_ps' : 'REST,GAMESA MARIAS'","'price_tier_ps' : 'Tier4,Tier1'"
MEXICO,DTS,BISCUITS,ALL,0.92,'consumptionclustercode' : 'Food',"'segment_ps' : 'CKY-MARIAS,CKY-TRAD,CRK-IN-HOME'",'packsize_ps' : '100-140',"'segment_brand_ps' : 'REST,GAMESA MARIAS'","'price_tier_ps' : 'Tier5,Tier3'"
MEXICO,DTS,BISCUITS,ALL,0.92,'consumptionclustercode' : 'Food',"'segment_ps' : 'CKY-MARIAS,CKY-TRAD,CRK-IN-HOME'",'packsize_ps' : '100-140','segment_brand_ps' : 'CRACKETS','' : ''
MEXICO,DTS,BISCUITS,ALL,0.92,'consumptionclustercode' : 'Food',"'segment_ps' : 'CKY-OTHER,REST,CRK-SALTINE'","'packsize_ps' : '100-140,0-100'",'segment_brand_ps' : 'REST',"'price_tier_ps' : 'Tier5,Tier3,Tier4,Tier1'"
MEXICO,DTS,BISCUITS,ALL,0.92,'consumptionclustercode' : 'Food',"'segment_ps' : 'CKY-OTHER,REST,CRK-SALTINE'","'packsize_ps' : '100-140,0-100'",'segment_brand_ps' : 'REST','price_tier_ps' : 'Tier2'
MEXICO,DTS,BISCUITS,ALL,0.92,'consumptionclustercode' : 'Food',"'segment_ps' : 'CKY-OTHER,REST,CRK-SALTINE'","'packsize_ps' : '100-140,0-100'","'segment_brand_ps' : 'OTHER OTHER BISCUITS BRAND,GAMESA SALADITAS'","'price_tier_ps' : 'Tier4,Tier1'"
MEXICO,DTS,BISCUITS,ALL,0.92,'consumptionclustercode' : 'Food',"'segment_ps' : 'CKY-OTHER,REST,CRK-SALTINE'","'packsize_ps' : '100-140,0-100'","'segment_brand_ps' : 'OTHER OTHER BISCUITS BRAND,GAMESA SALADITAS'","'price_tier_ps' : 'Tier2,Tier5'"
MEXICO,DTS,BISCUITS,ALL,0.92,'consumptionclustercode' : 'Food',"'segment_ps' : 'CKY-OTHER,REST,CRK-SALTINE'",'packsize_ps' : '140+',"'segment_brand_ps' : 'OTHER OTHER BISCUITS BRAND,GAMESA SALADITAS'",'price_tier_ps' : 'Tier5'
MEXICO,DTS,BISCUITS,ALL,0.92,'consumptionclustercode' : 'Food',"'segment_ps' : 'CKY-OTHER,REST,CRK-SALTINE'",'packsize_ps' : '140+',"'segment_brand_ps' : 'OTHER OTHER BISCUITS BRAND,GAMESA SALADITAS'","'price_tier_ps' : 'Tier4,Tier1'"
MEXICO,DTS,BISCUITS,ALL,0.92,'consumptionclustercode' : 'Food',"'segment_ps' : 'CKY-OTHER,REST,CRK-SALTINE'",'packsize_ps' : '140+','segment_brand_ps' : 'REST',"'price_tier_ps' : 'Tier5,Tier1,Tier2'"
MEXICO,DTS,BISCUITS,ALL,0.92,'consumptionclustercode' : 'Food',"'segment_ps' : 'CKY-OTHER,REST,CRK-SALTINE'",'packsize_ps' : '140+','segment_brand_ps' : 'REST',"'price_tier_ps' : 'Tier4,Tier3'"
MEXICO,DTS,BISCUITS,ALL,0.92,'consumptionclustercode' : 'Indulgence',"'segment_ps' : 'CKY-CHOC CHIP,CKY-SANDWICH,REST'","'packsize_ps' : '100-140,140+'","'segment_brand_ps' : 'EMPERADOR,CHOKIS'","'flavor_ps' : 'Chocolate,Fruits'"
MEXICO,DTS,BISCUITS,ALL,0.92,'consumptionclustercode' : 'Indulgence',"'segment_ps' : 'CKY-CHOC CHIP,CKY-SANDWICH,REST'","'packsize_ps' : '100-140,140+'","'segment_brand_ps' : 'EMPERADOR,CHOKIS'","'flavor_ps' : 'Mixed,Sweet & Dessert'"
MEXICO,DTS,BISCUITS,ALL,0.92,'consumptionclustercode' : 'Indulgence',"'segment_ps' : 'CKY-CHOC CHIP,CKY-SANDWICH,REST'","'packsize_ps' : '100-140,140+'","'segment_brand_ps' : 'EMPERADOR,CHOKIS'",'flavor_ps' : 'Nuts & Seeds'
MEXICO,DTS,BISCUITS,ALL,0.92,'consumptionclustercode' : 'Indulgence',"'segment_ps' : 'CKY-CHOC CHIP,CKY-SANDWICH,REST'","'packsize_ps' : '100-140,140+'","'segment_brand_ps' : 'REST,MARINELA PRINCIPE REGULAR,OREO'","'price_tier_ps' : 'Tier3,Tier5'"
MEXICO,DTS,BISCUITS,ALL,0.92,'consumptionclustercode' : 'Indulgence',"'segment_ps' : 'CKY-CHOC CHIP,CKY-SANDWICH,REST'","'packsize_ps' : '100-140,140+'","'segment_brand_ps' : 'REST,MARINELA PRINCIPE REGULAR,OREO'","'price_tier_ps' : 'Tier1,Tier2'"
MEXICO,DTS,BISCUITS,ALL,0.92,'consumptionclustercode' : 'Indulgence',"'segment_ps' : 'CKY-CHOC CHIP,CKY-SANDWICH,REST'","'packsize_ps' : '100-140,140+'","'segment_brand_ps' : 'REST,MARINELA PRINCIPE REGULAR,OREO'",'price_tier_ps' : 'Tier4'
MEXICO,DTS,BISCUITS,ALL,0.92,'consumptionclustercode' : 'Indulgence',"'segment_ps' : 'CKY-CHOC CHIP,CKY-SANDWICH,REST'",'packsize_ps' : '0-100',"'segment_brand_ps' : 'REST,MARINELA PRINCIPE REGULAR,OREO'",'price_tier_ps' : 'Tier1'
MEXICO,DTS,BISCUITS,ALL,0.92,'consumptionclustercode' : 'Indulgence',"'segment_ps' : 'CKY-CHOC CHIP,CKY-SANDWICH,REST'",'packsize_ps' : '0-100',"'segment_brand_ps' : 'REST,MARINELA PRINCIPE REGULAR,OREO'","'price_tier_ps' : 'Tier5,Tier3,Tier2,Tier4'"
MEXICO,DTS,BISCUITS,ALL,0.92,'consumptionclustercode' : 'Indulgence',"'segment_ps' : 'CKY-CHOC CHIP,CKY-SANDWICH,REST'",'packsize_ps' : '0-100',"'segment_brand_ps' : 'EMPERADOR,CHOKIS'",'price_tier_ps' : 'Tier4'
MEXICO,DTS,BISCUITS,ALL,0.92,'consumptionclustercode' : 'Indulgence',"'segment_ps' : 'CKY-CHOC CHIP,CKY-SANDWICH,REST'",'packsize_ps' : '0-100',"'segment_brand_ps' : 'EMPERADOR,CHOKIS'","'price_tier_ps' : 'Tier5,Tier1'"
MEXICO,DTS,BISCUITS,ALL,0.92,'consumptionclustercode' : 'Indulgence',"'segment_ps' : 'CKY-FRUIT,CKY-MARSHMLW,CKY-WAFER'","'packsize_ps' : '140+,100-140'","'segment_brand_ps' : 'REST,CREMAX'","'price_tier_ps' : 'Tier1,Tier2'"
MEXICO,DTS,BISCUITS,ALL,0.92,'consumptionclustercode' : 'Indulgence',"'segment_ps' : 'CKY-FRUIT,CKY-MARSHMLW,CKY-WAFER'","'packsize_ps' : '140+,100-140'","'segment_brand_ps' : 'REST,CREMAX'","'price_tier_ps' : 'Tier5,Tier3,Tier4'"
MEXICO,DTS,BISCUITS,ALL,0.92,'consumptionclustercode' : 'Indulgence',"'segment_ps' : 'CKY-FRUIT,CKY-MARSHMLW,CKY-WAFER'",'packsize_ps' : '0-100',"'segment_brand_ps' : 'REST,CREMAX'","'price_tier_ps' : 'Tier5,Tier1'"
MEXICO,DTS,BISCUITS,ALL,0.92,'consumptionclustercode' : 'Indulgence',"'segment_ps' : 'CKY-FRUIT,CKY-MARSHMLW,CKY-WAFER'",'packsize_ps' : '0-100',"'segment_brand_ps' : 'REST,CREMAX'","'price_tier_ps' : 'Tier4,Tier2'"
MEXICO,DTS,BISCUITS,ALL,0.92,'consumptionclustercode' : 'Indulgence',"'segment_ps' : 'CKY-FRUIT,CKY-MARSHMLW,CKY-WAFER'",'packsize_ps' : '0-100','segment_brand_ps' : 'BARRITAS MARINELA','' : ''
MEXICO,DTS,SAVORY,ALL,0.97,'packtype_ps' : 'SinglePack',"'segment_ps' : 'SAV-EXTRUDED,SAV-POTATO,SAV-SALTY MIX,SAV-TORTILLA'",'packsize_ps' : '70+',"'segment_brand_ps' : 'CHEETOS FRIED,DORITOS,PAKETAXO'","'price_tier_ps' : 'Tier1,Tier5,Tier4'"
MEXICO,DTS,SAVORY,ALL,0.97,'packtype_ps' : 'SinglePack',"'segment_ps' : 'SAV-EXTRUDED,SAV-POTATO,SAV-SALTY MIX,SAV-TORTILLA'",'packsize_ps' : '70+',"'segment_brand_ps' : 'CHEETOS FRIED,DORITOS,PAKETAXO'","'price_tier_ps' : 'Tier2,Tier3'"
MEXICO,DTS,SAVORY,ALL,0.97,'packtype_ps' : 'SinglePack',"'segment_ps' : 'SAV-EXTRUDED,SAV-POTATO,SAV-SALTY MIX,SAV-TORTILLA'",'packsize_ps' : '70+',"'segment_brand_ps' : 'REST,RUFFLES,SABRITAS PC,BARCEL CHIPS'","'price_tier_ps' : 'Tier1,Tier2'"
MEXICO,DTS,SAVORY,ALL,0.97,'packtype_ps' : 'SinglePack',"'segment_ps' : 'SAV-EXTRUDED,SAV-POTATO,SAV-SALTY MIX,SAV-TORTILLA'",'packsize_ps' : '70+',"'segment_brand_ps' : 'REST,RUFFLES,SABRITAS PC,BARCEL CHIPS'","'price_tier_ps' : 'Tier3,Tier4,Tier5'"
MEXICO,DTS,SAVORY,ALL,0.97,'packtype_ps' : 'SinglePack',"'segment_ps' : 'SAV-EXTRUDED,SAV-POTATO,SAV-SALTY MIX,SAV-TORTILLA'",'packsize_ps' : '0-70',"'segment_brand_ps' : 'BARCEL CHIPS,PAKETAXO'","'price_tier_ps' : 'Tier4,Tier3'"
MEXICO,DTS,SAVORY,ALL,0.97,'packtype_ps' : 'SinglePack',"'segment_ps' : 'SAV-EXTRUDED,SAV-POTATO,SAV-SALTY MIX,SAV-TORTILLA'",'packsize_ps' : '0-70',"'segment_brand_ps' : 'BARCEL CHIPS,PAKETAXO'",'price_tier_ps' : 'Tier5'
MEXICO,DTS,SAVORY,ALL,0.97,'packtype_ps' : 'SinglePack',"'segment_ps' : 'SAV-EXTRUDED,SAV-POTATO,SAV-SALTY MIX,SAV-TORTILLA'",'packsize_ps' : '0-70',"'segment_brand_ps' : 'REST,CHEETOS FRIED,RUFFLES,SABRITAS PC,DORITOS'","'price_tier_ps' : 'Tier5,Tier3,Tier4'"
MEXICO,DTS,SAVORY,ALL,0.97,'packtype_ps' : 'SinglePack',"'segment_ps' : 'SAV-EXTRUDED,SAV-POTATO,SAV-SALTY MIX,SAV-TORTILLA'",'packsize_ps' : '0-70',"'segment_brand_ps' : 'REST,CHEETOS FRIED,RUFFLES,SABRITAS PC,DORITOS'","'price_tier_ps' : 'Tier2,Tier1'"
MEXICO,DTS,SAVORY,ALL,0.97,'packtype_ps' : 'SinglePack',"'segment_ps' : 'SAV-NUTS,REST,SAV-CORN,SAV-OTHER'",'packsize_ps' : '70+',"'segment_brand_ps' : 'REST,OTHER LABEL SAVORY NUTS'","'price_tier_ps' : 'Tier5,Tier1'"
MEXICO,DTS,SAVORY,ALL,0.97,'packtype_ps' : 'SinglePack',"'segment_ps' : 'SAV-NUTS,REST,SAV-CORN,SAV-OTHER'",'packsize_ps' : '70+',"'segment_brand_ps' : 'REST,OTHER LABEL SAVORY NUTS'","'price_tier_ps' : 'Tier3,Tier4,Tier2'"
MEXICO,DTS,SAVORY,ALL,0.97,'packtype_ps' : 'SinglePack',"'segment_ps' : 'SAV-NUTS,REST,SAV-CORN,SAV-OTHER'",'packsize_ps' : '0-70',"'segment_brand_ps' : 'REST,OTHER OTHER SAVORY BRAND'","'price_tier_ps' : 'Tier5,Tier1'"
MEXICO,DTS,SAVORY,ALL,0.97,'packtype_ps' : 'SinglePack',"'segment_ps' : 'SAV-NUTS,REST,SAV-CORN,SAV-OTHER'",'packsize_ps' : '0-70',"'segment_brand_ps' : 'REST,OTHER OTHER SAVORY BRAND'","'price_tier_ps' : 'Tier3,Tier4,Tier2'"
MEXICO,DTS,SAVORY,ALL,0.97,'packtype_ps' : 'SinglePack',"'segment_ps' : 'SAV-NUTS,REST,SAV-CORN,SAV-OTHER'",'packsize_ps' : '0-70','segment_brand_ps' : 'OTHER LABEL SAVORY NUTS','' : ''
MEXICO,SMKT,BISCUITS,ALL,0.91,'consumptionclustercode' : 'Food','segment_ps' : 'CKY-OTHER',"'packsize_ps' : '200+,70-200'","'vendor_ps' : 'CONTROLLED LABEL,CUETARA'","'flavor_ps' : 'Chocolate,Dairy,Mixed,Savory & Vegetable,Sweet & Dessert'"
MEXICO,SMKT,BISCUITS,ALL,0.91,'consumptionclustercode' : 'Food','segment_ps' : 'CKY-OTHER',"'packsize_ps' : '200+,70-200'","'vendor_ps' : 'CONTROLLED LABEL,CUETARA'","'flavor_ps' : 'Nuts & Seeds,Grains & Cereals,Plain'"
MEXICO,SMKT,BISCUITS,ALL,0.91,'consumptionclustercode' : 'Food','segment_ps' : 'CKY-OTHER',"'packsize_ps' : '200+,70-200'","'vendor_ps' : 'CONTROLLED LABEL,CUETARA'","'flavor_ps' : 'Fruits,Spices & Herbs'"
MEXICO,SMKT,BISCUITS,ALL,0.91,'consumptionclustercode' : 'Food','segment_ps' : 'CKY-OTHER',"'packsize_ps' : '200+,70-200'","'vendor_ps' : 'DONDE,MONDELEZ'","'price_tier_ps' : 'Tier4,Tier1'"
MEXICO,SMKT,BISCUITS,ALL,0.91,'consumptionclustercode' : 'Food','segment_ps' : 'CKY-OTHER',"'packsize_ps' : '200+,70-200'","'vendor_ps' : 'DONDE,MONDELEZ'",'price_tier_ps' : 'Tier5'
MEXICO,SMKT,BISCUITS,ALL,0.91,'consumptionclustercode' : 'Food','segment_ps' : 'CKY-OTHER',"'packsize_ps' : '200+,70-200'","'vendor_ps' : 'OTHER VENDOR,REST'","'price_tier_ps' : 'Tier4,Tier3'"
MEXICO,SMKT,BISCUITS,ALL,0.91,'consumptionclustercode' : 'Food','segment_ps' : 'CKY-OTHER',"'packsize_ps' : '200+,70-200'","'vendor_ps' : 'OTHER VENDOR,REST'","'price_tier_ps' : 'Tier1,Tier5'"
MEXICO,SMKT,BISCUITS,ALL,0.91,'consumptionclustercode' : 'Food','segment_ps' : 'CKY-OTHER','packsize_ps' : '0-70',"'flavor_ps' : 'Fruits,Mixed,Spices & Herbs,Plain'","'price_tier_ps' : 'Tier4,Tier1,Tier5'"
MEXICO,SMKT,BISCUITS,ALL,0.91,'consumptionclustercode' : 'Food','segment_ps' : 'CKY-OTHER','packsize_ps' : '0-70',"'flavor_ps' : 'Fruits,Mixed,Spices & Herbs,Plain'",'price_tier_ps' : 'Tier3'
MEXICO,SMKT,BISCUITS,ALL,0.91,'consumptionclustercode' : 'Food','segment_ps' : 'CKY-OTHER','packsize_ps' : '0-70',"'flavor_ps' : 'Chocolate,Grains & Cereals'","'price_tier_ps' : 'Tier4,Tier1'"
MEXICO,SMKT,BISCUITS,ALL,0.91,'consumptionclustercode' : 'Food','segment_ps' : 'CKY-OTHER','packsize_ps' : '0-70',"'flavor_ps' : 'Chocolate,Grains & Cereals'","'price_tier_ps' : 'Tier5,Tier3'"
MEXICO,SMKT,BISCUITS,ALL,0.91,'consumptionclustercode' : 'Food',"'segment_ps' : 'CKY-MARIAS,CKY-TRAD,REST,CRK-SALTINE'","'packsize_ps' : '200+,70-200'","'segment_brand_ps' : 'GAMESA MARIAS,GAMESA SALADITAS'","'flavor_ps' : 'Savory & Vegetable,Fruits'"
MEXICO,SMKT,BISCUITS,ALL,0.91,'consumptionclustercode' : 'Food',"'segment_ps' : 'CKY-MARIAS,CKY-TRAD,REST,CRK-SALTINE'","'packsize_ps' : '200+,70-200'","'segment_brand_ps' : 'GAMESA MARIAS,GAMESA SALADITAS'","'flavor_ps' : 'Chocolate,Sweet & Dessert'"
MEXICO,SMKT,BISCUITS,ALL,0.91,'consumptionclustercode' : 'Food',"'segment_ps' : 'CKY-MARIAS,CKY-TRAD,REST,CRK-SALTINE'","'packsize_ps' : '200+,70-200'","'segment_brand_ps' : 'GAMESA MARIAS,GAMESA SALADITAS'",'flavor_ps' : 'Plain'
MEXICO,SMKT,BISCUITS,ALL,0.91,'consumptionclustercode' : 'Food',"'segment_ps' : 'CKY-MARIAS,CKY-TRAD,REST,CRK-SALTINE'","'packsize_ps' : '200+,70-200'",'segment_brand_ps' : 'REST',"'price_tier_ps' : 'Tier3,Tier5,Tier4'"
MEXICO,SMKT,BISCUITS,ALL,0.91,'consumptionclustercode' : 'Food',"'segment_ps' : 'CKY-MARIAS,CKY-TRAD,REST,CRK-SALTINE'","'packsize_ps' : '200+,70-200'",'segment_brand_ps' : 'REST',"'price_tier_ps' : 'Tier1,Tier2'"
MEXICO,SMKT,BISCUITS,ALL,0.91,'consumptionclustercode' : 'Food',"'segment_ps' : 'CKY-MARIAS,CKY-TRAD,REST,CRK-SALTINE'",'packsize_ps' : '0-70',"'segment_brand_ps' : 'GAMESA MARIAS,REST'","'vendor_ps' : 'PEPSICO,CUETARA,DONDE,REST'"
MEXICO,SMKT,BISCUITS,ALL,0.91,'consumptionclustercode' : 'Food',"'segment_ps' : 'CKY-MARIAS,CKY-TRAD,REST,CRK-SALTINE'",'packsize_ps' : '0-70',"'segment_brand_ps' : 'GAMESA MARIAS,REST'",'vendor_ps' : 'OTHER VENDOR'
MEXICO,SMKT,BISCUITS,ALL,0.91,'consumptionclustercode' : 'Food',"'segment_ps' : 'CKY-MARIAS,CKY-TRAD,REST,CRK-SALTINE'",'packsize_ps' : '0-70',"'segment_brand_ps' : 'GAMESA MARIAS,REST'",'vendor_ps' : 'BIMBO'
MEXICO,SMKT,BISCUITS,ALL,0.91,'consumptionclustercode' : 'Food',"'segment_ps' : 'CKY-MARIAS,CKY-TRAD,REST,CRK-SALTINE'",'packsize_ps' : '0-70','segment_brand_ps' : 'GAMESA SALADITAS','' : ''
MEXICO,SMKT,BISCUITS,ALL,0.91,'consumptionclustercode' : 'Indulgence',"'segment_ps' : 'CKY-CHOC CHIP,CKY-FRUIT,CKY-SANDWICH'","'packsize_ps' : '70-200,200+'","'segment_brand_ps' : 'REST,BARRITAS MARINELA,MARINELA PRINCIPE REGULAR'","'price_tier_ps' : 'Tier1,Tier3,Tier4,Tier2'"
MEXICO,SMKT,BISCUITS,ALL,0.91,'consumptionclustercode' : 'Indulgence',"'segment_ps' : 'CKY-CHOC CHIP,CKY-FRUIT,CKY-SANDWICH'","'packsize_ps' : '70-200,200+'","'segment_brand_ps' : 'REST,BARRITAS MARINELA,MARINELA PRINCIPE REGULAR'",'price_tier_ps' : 'Tier5'
MEXICO,SMKT,BISCUITS,ALL,0.91,'consumptionclustercode' : 'Indulgence',"'segment_ps' : 'CKY-CHOC CHIP,CKY-FRUIT,CKY-SANDWICH'","'packsize_ps' : '70-200,200+'","'segment_brand_ps' : 'CHOKIS,OREO,EMPERADOR'","'price_tier_ps' : 'Tier5,Tier2'"
MEXICO,SMKT,BISCUITS,ALL,0.91,'consumptionclustercode' : 'Indulgence',"'segment_ps' : 'CKY-CHOC CHIP,CKY-FRUIT,CKY-SANDWICH'","'packsize_ps' : '70-200,200+'","'segment_brand_ps' : 'CHOKIS,OREO,EMPERADOR'","'price_tier_ps' : 'Tier1,Tier4,Tier3'"
MEXICO,SMKT,BISCUITS,ALL,0.91,'consumptionclustercode' : 'Indulgence',"'segment_ps' : 'CKY-CHOC CHIP,CKY-FRUIT,CKY-SANDWICH'",'packsize_ps' : '0-70',"'segment_brand_ps' : 'CHOKIS,EMPERADOR,MARINELA PRINCIPE REGULAR'",'price_tier_ps' : 'Tier1'
MEXICO,SMKT,BISCUITS,ALL,0.91,'consumptionclustercode' : 'Indulgence',"'segment_ps' : 'CKY-CHOC CHIP,CKY-FRUIT,CKY-SANDWICH'",'packsize_ps' : '0-70',"'segment_brand_ps' : 'CHOKIS,EMPERADOR,MARINELA PRINCIPE REGULAR'","'price_tier_ps' : 'Tier4,Tier5'"
MEXICO,SMKT,BISCUITS,ALL,0.91,'consumptionclustercode' : 'Indulgence',"'segment_ps' : 'CKY-CHOC CHIP,CKY-FRUIT,CKY-SANDWICH'",'packsize_ps' : '0-70',"'segment_brand_ps' : 'REST,BARRITAS MARINELA,OREO'","'price_tier_ps' : 'Tier3,Tier2'"
MEXICO,SMKT,BISCUITS,ALL,0.91,'consumptionclustercode' : 'Indulgence',"'segment_ps' : 'CKY-CHOC CHIP,CKY-FRUIT,CKY-SANDWICH'",'packsize_ps' : '0-70',"'segment_brand_ps' : 'REST,BARRITAS MARINELA,OREO'","'price_tier_ps' : 'Tier1,Tier4'"
MEXICO,SMKT,BISCUITS,ALL,0.91,'consumptionclustercode' : 'Indulgence',"'segment_ps' : 'CKY-CHOC CHIP,CKY-FRUIT,CKY-SANDWICH'",'packsize_ps' : '0-70',"'segment_brand_ps' : 'REST,BARRITAS MARINELA,OREO'",'price_tier_ps' : 'Tier5'
MEXICO,SMKT,BISCUITS,ALL,0.91,'consumptionclustercode' : 'Indulgence','segment_ps' : 'REST','packsize_ps' : '0-70',"'vendor_ps' : 'OTHER VENDOR,REST,CUETARA'","'price_tier_ps' : 'Tier5,Tier2'"
MEXICO,SMKT,BISCUITS,ALL,0.91,'consumptionclustercode' : 'Indulgence','segment_ps' : 'REST','packsize_ps' : '0-70',"'vendor_ps' : 'OTHER VENDOR,REST,CUETARA'",'price_tier_ps' : 'Tier3'
MEXICO,SMKT,BISCUITS,ALL,0.91,'consumptionclustercode' : 'Indulgence','segment_ps' : 'REST','packsize_ps' : '0-70',"'vendor_ps' : 'BIMBO,PEPSICO'","'flavor_ps' : 'Nuts & Seeds,Mixed'"
MEXICO,SMKT,BISCUITS,ALL,0.91,'consumptionclustercode' : 'Indulgence','segment_ps' : 'REST','packsize_ps' : '0-70',"'vendor_ps' : 'BIMBO,PEPSICO'","'flavor_ps' : 'Chocolate,Sweet & Dessert,Fruits,Dairy'"
MEXICO,SMKT,BISCUITS,ALL,0.91,'consumptionclustercode' : 'Indulgence','segment_ps' : 'REST',"'packsize_ps' : '70-200,200+'","'vendor_ps' : 'BIMBO,OTHER VENDOR,REST'",'price_tier_ps' : 'Tier4'
MEXICO,SMKT,BISCUITS,ALL,0.91,'consumptionclustercode' : 'Indulgence','segment_ps' : 'REST',"'packsize_ps' : '70-200,200+'","'vendor_ps' : 'BIMBO,OTHER VENDOR,REST'","'price_tier_ps' : 'Tier1,Tier3,Tier2,Tier5'"
MEXICO,SMKT,BISCUITS,ALL,0.91,'consumptionclustercode' : 'Indulgence','segment_ps' : 'REST',"'packsize_ps' : '70-200,200+'","'vendor_ps' : 'PEPSICO,CUETARA,DONDE'","'price_tier_ps' : 'Tier5,Tier2'"
MEXICO,SMKT,BISCUITS,ALL,0.91,'consumptionclustercode' : 'Indulgence','segment_ps' : 'REST',"'packsize_ps' : '70-200,200+'","'vendor_ps' : 'PEPSICO,CUETARA,DONDE'","'price_tier_ps' : 'Tier1,Tier3'"
